doc,sentence_id,election,year,party,sentence
ENS_2024,ENS_2024_1,LEG,2024,ENS,Élections législatives des 30 juin et 7 juillet 2024.
ENS_2024,ENS_2024_2,LEG,2024,ENS,Ensemble pour la République.
ENS_2024,ENS_2024_3,LEG,2024,ENS,Notre projet.
ENS_2024,ENS_2024_4,LEG,2024,ENS,Notre projet.
ENS_2024,ENS_2024_5,LEG,2024,ENS,"Depuis 2017, notre pays a traversé les crises et les a toujours surmontées."
ENS_2024,ENS_2024_6,LEG,2024,ENS,"Ensemble, nous avons vaincu la pandémie de la Covid."
ENS_2024,ENS_2024_7,LEG,2024,ENS,"Ensemble, nous avons vaincu le chômage de masse."
ENS_2024,ENS_2024_8,LEG,2024,ENS,"Ensemble, nous avons affronté la crise de l’inflation."
ENS_2024,ENS_2024_9,LEG,2024,ENS,"Ensemble, nous soutenons l’Ukraine face à l’agression."
ENS_2024,ENS_2024_10,LEG,2024,ENS,"Aujourd’hui, face aux extrêmes, face aux défis d’une génération – le plein-emploi, la réindustrialisation, l’écologie –, c’est à nouveau ensemble que les Français pourront trouver les ressorts de leur succès."
ENS_2024,ENS_2024_11,LEG,2024,ENS,Nous l’avons démontré par tant de fois dans notre histoire : rien ne résiste au peuple français s’il se tient ensemble.
ENS_2024,ENS_2024_12,LEG,2024,ENS,"Les 30 juin et 7 juillet prochains, la République nous appelle à nouveau à nous tenir ensemble."
ENS_2024,ENS_2024_13,LEG,2024,ENS,"Progressistes, travaillistes, démocrates, républicains, ensemble."
ENS_2024,ENS_2024_14,LEG,2024,ENS,Ensemble pour le travail.
ENS_2024,ENS_2024_15,LEG,2024,ENS,Ensemble pour le pouvoir d’achat.
ENS_2024,ENS_2024_16,LEG,2024,ENS,Ensemble pour l’écologie.
ENS_2024,ENS_2024_17,LEG,2024,ENS,Ensemble pour l’autorité et les valeurs.
ENS_2024,ENS_2024_18,LEG,2024,ENS,Ensemble pour la république.
ENS_2024,ENS_2024_19,LEG,2024,ENS,Voici devant les Français les engagements que nous prenons pour les trois prochaines années.
ENS_2024,ENS_2024_20,LEG,2024,ENS,Ensemble pour protéger votre pouvoir d’achat !
ENS_2024,ENS_2024_21,LEG,2024,ENS,Nous libèrerons les augmentations de salaires entre le SMIC et 2 500 € nets en réformant les aides aux entreprises et la prime d’activité.
ENS_2024,ENS_2024_22,LEG,2024,ENS,Nous supprimerons les effets de seuil qui désincitent les entreprises à augmenter leurs salariés afin que les Français en aient pour leur travail.
ENS_2024,ENS_2024_23,LEG,2024,ENS,"Dès cet hiver, nous baisserons les factures d’électricité de 15 %."
ENS_2024,ENS_2024_24,LEG,2024,ENS,"Pour chaque Français, ce sera 200 € de moins sur la facture annuelle."
ENS_2024,ENS_2024_25,LEG,2024,ENS,"Grâce à la réforme du marché européen de l’électricité que nous avons obtenue, ils bénéficieront de prix inférieurs à nos voisins européens qui tiendra compte de notre énergie d’origine nucléaire."
ENS_2024,ENS_2024_26,LEG,2024,ENS,"Pour continuer à rémunérer le travail, nous permettrons aux entreprises d’augmenter jusqu’à 10 000 € par an sans charge ni impôt le montant de la prime de pouvoir d’achat qu’elles ont versée l’an passé à 6 millions de salariés."
ENS_2024,ENS_2024_27,LEG,2024,ENS,Nous revaloriserons les retraites pour suivre l’inflation et protéger le pouvoir d’achat des 17 millions de retraités qui ont travaillé toute leur vie et méritent un revenu décent.
ENS_2024,ENS_2024_28,LEG,2024,ENS,"Pour tous les parents d’élèves, nous proposerons dès cet été des achats groupés de fournitures scolaires pour vous aider à baisser le coût de la rentrée pour les enfants."
ENS_2024,ENS_2024_29,LEG,2024,ENS,Ce sera jusqu’à 15 % de baisse des prix sur les fournitures scolaires.
ENS_2024,ENS_2024_30,LEG,2024,ENS,"Après avoir augmenté depuis 2017 les salaires des professeurs des écoles (+621 € nets par mois en début de carrière), des infirmiers (+637 €), des gardiens de la paix (+382 €) et des agents qui servent nos compatriotes, nous continuerons à revaloriser celles et ceux qui font vivre nos services publics."
ENS_2024,ENS_2024_31,LEG,2024,ENS,Ensemble pour l'accès à la santé.
ENS_2024,ENS_2024_32,LEG,2024,ENS,"Nous ferons reculer les déserts médicaux en doublant le nombre de médecins en formation chaque année grâce à la suppression du numerus clausus (16 000 en 2027, contre 8 000 en 2017)."
ENS_2024,ENS_2024_33,LEG,2024,ENS,Nous permettrons à chaque Français d’avoir dès cet été un médecin de garde à moins de 30 minutes du domicile.
ENS_2024,ENS_2024_34,LEG,2024,ENS,Nous simplifierons drastiquement l’accès à la santé pour libérer 20 millions de rendezvous médicaux par an.
ENS_2024,ENS_2024_35,LEG,2024,ENS,"Pour cela, nous permettrons aux pharmaciens, sagesfemmes, infirmiers, opticiens et orthophonistes de réaliser une vingtaine d’actes médicaux du quotidien tels que la vaccination en pharmacie ou l’adaptation de la prescription de lunettes par les opticiens."
ENS_2024,ENS_2024_36,LEG,2024,ENS,"Aujourd’hui, encore trop de retraités, étudiants, indépendants ou demandeurs d’emploi demeurent sans mutuelle."
ENS_2024,ENS_2024_37,LEG,2024,ENS,"Pour ces 3 millions de Français aujourd’hui sans mutuelle, nous créerons une offre de mutuelle publique à 1 € par jour."
ENS_2024,ENS_2024_38,LEG,2024,ENS,Elle prendra la forme d’un élargissement de la complémentaire santé solidaire.
ENS_2024,ENS_2024_39,LEG,2024,ENS,Ce sera un droit nouveau pour des millions de Français.
ENS_2024,ENS_2024_40,LEG,2024,ENS,"Nous permettrons d’ici la fin de l’année le remboursement intégral des fauteuils roulants, électriques et manuels, pour nos compatriotes en situation de handicap moteur."
ENS_2024,ENS_2024_41,LEG,2024,ENS,Ils seront pris en charge par l’assurance maladie et les complémentaires santé.
ENS_2024,ENS_2024_42,LEG,2024,ENS,Les spécificités de la santé des femmes restent encore moins prises en compte que celles des hommes.
ENS_2024,ENS_2024_43,LEG,2024,ENS,"Qu’il s’agisse de l’endométriose, de la ménopause ou de l’infertilité, les non-dits ou les tabous conduisent à des pertes de chances."
ENS_2024,ENS_2024_44,LEG,2024,ENS,"Pour protéger la santé des femmes, nous développerons les consultations de prévention de la ménopause, de l’infertilité et la prise en charge de l’endométriose."
ENS_2024,ENS_2024_45,LEG,2024,ENS,"À chaque passage à l’hôpital ou en médecine de ville, nous présenterons aux Français une facture informative à partir de 2025."
ENS_2024,ENS_2024_46,LEG,2024,ENS,Cela favorisera la transparence pour que chaque Français connaisse le coût des soins et contribuera à mieux repérer les cas de fraude.
ENS_2024,ENS_2024_47,LEG,2024,ENS,Ensemble pour l'accès au logement.
ENS_2024,ENS_2024_48,LEG,2024,ENS,"Trop de jeunes, trop de Français qui travaillent accèdent encore difficilement au logement."
ENS_2024,ENS_2024_49,LEG,2024,ENS,"Pour aider les Français qui travaillent ou étudient à se loger, nous étendrons la garantie de loyers pour faciliter la location tout en rassurant les propriétaires."
ENS_2024,ENS_2024_50,LEG,2024,ENS,Elle s’inspirera de la garantie Visale qui bénéficie déjà à un million de jeunes.
ENS_2024,ENS_2024_51,LEG,2024,ENS,"Pour les aider à se loger, nous créerons un fonds de rénovation énergétique des logements des classes moyennes et populaires financé par une taxe sur les rachats d’actions."
ENS_2024,ENS_2024_52,LEG,2024,ENS,Cela permettra de rénover 300 000 logements supplémentaires d’ici 2027 et d’accompagner les foyers concernés par le retrait/gonflement des argiles.
ENS_2024,ENS_2024_53,LEG,2024,ENS,"D’ici 2027, nous permettrons également à 1 million de jeunes de classes moyennes et populaires d’accéder à la propriété en les exonérant de droits de de mutation à titre onéreux (« frais de notaires ») pour l’achat d’un logement jusqu’à 250 000 €."
ENS_2024,ENS_2024_54,LEG,2024,ENS,Ensemble pour le travail et le mérite.
ENS_2024,ENS_2024_55,LEG,2024,ENS,Nous respecterons une règle d’or anti-hausse d’impôt pour les Français afin de les protéger du matraquage fiscal voulu par le RN et la NUPES.
ENS_2024,ENS_2024_56,LEG,2024,ENS,Ces deux blocs veulent augmenter les taxes et impôts de tous les Français qui travaillent ou qui ont acquis un petit patrimoine.
ENS_2024,ENS_2024_57,LEG,2024,ENS,Nous y ferons barrage.
ENS_2024,ENS_2024_58,LEG,2024,ENS,"Après 40 ans de désindustrialisation, nous avons depuis 2017 rouvert 300 nouvelles usines et recréé 150 000 emplois."
ENS_2024,ENS_2024_59,LEG,2024,ENS,"De Crolles à Dunkerque, la réindustrialisation française est en marche."
ENS_2024,ENS_2024_60,LEG,2024,ENS,"D’ici 2027, nous créerons 200 000 emplois industriels et 400 usines supplémentaires en restant le pays le plus attractif d’Europe pour les investissements."
ENS_2024,ENS_2024_61,LEG,2024,ENS,"Nous continuerons à investir massivement dans la recherche et les technologies, en particulier dans la santé, et à simplifier la vie des chercheurs, notamment grâce à la loi de programmation de la recherche."
ENS_2024,ENS_2024_62,LEG,2024,ENS,"C’est par le soutien à l’innovation et à la productivité, à travers notamment le plan « France 2030 », et la baisse du chômage que les salaires augmenteront durablement."
ENS_2024,ENS_2024_63,LEG,2024,ENS,Nous poursuivrons une lutte implacable contre toutes les fraudes sociales et fiscales après les résultats historiques obtenus l’an passé avec 17 milliards d’euros mis en redressement.
ENS_2024,ENS_2024_64,LEG,2024,ENS,Un projet de loi sera présenté dès l’été.
ENS_2024,ENS_2024_65,LEG,2024,ENS,"Aucun impôt ne sera appliqué aux successions et donations jusqu’à 150 000 € par enfant, y compris pour les familles recomposées, ni jusqu’à 100 000 € transmis aux petits-enfants."
ENS_2024,ENS_2024_66,LEG,2024,ENS,"Nous revaloriserons les retraites des agriculteurs, comme nous nous y étions engagés."
ENS_2024,ENS_2024_67,LEG,2024,ENS,Toutes les pensions liquidées à compter du 1er janvier 2026 prendront en compte les 25 meilleures années de revenus de la carrière des agriculteurs.
ENS_2024,ENS_2024_68,LEG,2024,ENS,"Concrètement, cela représentera un gain de 100 € par mois pour près de la moitié des futurs retraités agricoles afin de leur garantir une retraite digne."
ENS_2024,ENS_2024_69,LEG,2024,ENS,Nous irons plus loin dans la simplification administrative pour les TPE et les PME afin d’encourager toujours la prise d’initiative et la création d’emplois.
ENS_2024,ENS_2024_70,LEG,2024,ENS,"Après avoir protégé les TPE et les PME durant la crise, nous permettrons à celles qui éprouvent des difficultés à rembourser leurs prêts garantis par l’État de restructurer leur dette et les soutiendrons dans la durée."
ENS_2024,ENS_2024_71,LEG,2024,ENS,Ensemble pour les valeurs de la République !
ENS_2024,ENS_2024_72,LEG,2024,ENS,"Jamais nous ne transigerons sur la laïcité, principe fondamental que nous réaffirmerons à l’Ecole de la République contre les coups de boutoir des islamistes et des extrémistes."
ENS_2024,ENS_2024_73,LEG,2024,ENS,"Après l’interdiction de l’abaya à l’école, nous nous battrons pour la laïcité dans tous nos services publics."
ENS_2024,ENS_2024_74,LEG,2024,ENS,"Jamais nous ne transigerons sur la lutte contre le racisme, l’antisémitisme, le sexisme, l’homophobie et toutes les haines qui n’ont pas leur place dans notre République."
ENS_2024,ENS_2024_75,LEG,2024,ENS,Nous généraliserons la pratique du testing pour lutter contre les discriminations à l’embauche.
ENS_2024,ENS_2024_76,LEG,2024,ENS,Nous généraliserons le service national universel d’ici 2026 pour chaque jeune de 16 ans ou en classe de seconde afin de renforcer la cohésion sociale et nationale au sein de notre jeunesse.
ENS_2024,ENS_2024_77,LEG,2024,ENS,Nous reverrons l’excuse de minorité pour les jeunes délinquants afin de casser la récidive et le sentiment d’impunité.
ENS_2024,ENS_2024_78,LEG,2024,ENS,Nous présenterons dès l’été un projet de loi pour mettre en oeuvre le principe de sanction immédiate avec comparution immédiate dans les cas les plus graves.
ENS_2024,ENS_2024_79,LEG,2024,ENS,Nous développerons le travail et la formation des personnes détenues pour préparer leur réinsertion professionnelle.
ENS_2024,ENS_2024_80,LEG,2024,ENS,Nous continuerons à expulser du territoire national tout étranger délinquant ou radicalisé qui représente une menace à l’ordre public.
ENS_2024,ENS_2024_81,LEG,2024,ENS,"Depuis 2017, nous avons déjà expulsé près de 12 000 personnes."
ENS_2024,ENS_2024_82,LEG,2024,ENS,Toute délivrance d’une carte de séjour de longue durée sera conditionnée à la maîtrise du français et au respect des valeurs républicaines.
ENS_2024,ENS_2024_83,LEG,2024,ENS,"Dans le cas contraire, les préfets pourront retirer le titre de séjour."
ENS_2024,ENS_2024_84,LEG,2024,ENS,"Grâce à la réforme européenne du droit d’asile, nous ouvrirons des centres de rétention aux frontières extérieures de l’Europe pour examiner la situation des migrants avant qu’ils n’arrivent sur notre sol."
ENS_2024,ENS_2024_85,LEG,2024,ENS,"Nous continuerons à accueillir des chercheurs de renom, des médecins, des étudiants à fort potentiel, tout comme les travailleurs qualifiés dont notre tissu économique a besoin."
ENS_2024,ENS_2024_86,LEG,2024,ENS,Ensemble contre les inégalités de destin.
ENS_2024,ENS_2024_87,LEG,2024,ENS,"Pour remettre l’ascenseur scolaire en marche et élever le niveau de tous les élèves, nous continuerons à investir massivement pour l’École de la République."
ENS_2024,ENS_2024_88,LEG,2024,ENS,"Après avoir augmenté les salaires des professeurs de plus de 10 % depuis 2022, nous renforcerons la formation des professeurs et défendrons leur autorité en instaurant un contrat parents/ école."
ENS_2024,ENS_2024_89,LEG,2024,ENS,Nous organiserons le remplacement systématique des absences pour regagner des heures d’enseignement.
ENS_2024,ENS_2024_90,LEG,2024,ENS,Nous renforcerons également l’école inclusive pour les élèves en situation de handicap.
ENS_2024,ENS_2024_91,LEG,2024,ENS,"Depuis 2017, neuf résidences CROUS sur dix ont déjà été rénovées."
ENS_2024,ENS_2024_92,LEG,2024,ENS,"Ce sera 100 % d’ici 2027. 35 000 nouveaux logements étudiants abordables seront également construits, dont 10 000 en résidences CROUS."
ENS_2024,ENS_2024_93,LEG,2024,ENS,"Malgré l’inflation, nous avons bloqué depuis 2019 le prix du repas pour tous en restaurant universitaire à 3,30 € et 1 € pour les étudiants boursiers."
ENS_2024,ENS_2024_94,LEG,2024,ENS,"Nous maintiendrons les repas CROUS à 1 € pour les boursiers, après avoir augmenté les bourses de 37 € par mois."
ENS_2024,ENS_2024_95,LEG,2024,ENS,"Pour renforcer l’égalité entre femmes et hommes, nous ouvrirons dès 2025 le droit à un congé de naissance mieux indemnisé que le congé parental actuel."
ENS_2024,ENS_2024_96,LEG,2024,ENS,Chaque parent pourra être présent auprès de son enfant durant 3 mois.
ENS_2024,ENS_2024_97,LEG,2024,ENS,"Après le succès de l’imposition à la source, nous achèverons la mise en oeuvre de la solidarité à la source avec le versement automatique des aides dès 2025 à tous ceux qui y ont droit."
ENS_2024,ENS_2024_98,LEG,2024,ENS,"Pour les femmes menacées, nous avons créé des « téléphones grave danger » et nous continuerons à les diffuser pour protéger la sécurité des femmes."
ENS_2024,ENS_2024_99,LEG,2024,ENS,Nous aiderons également les collectivités locales à généraliser la mise en place d’arrêts de bus à la demande en soirée comme le font beaucoup de municipalités.
ENS_2024,ENS_2024_100,LEG,2024,ENS,"Nous interdirons l’accès aux réseaux sociaux avant 15 ans pour protéger nos enfants des contenus haineux, pornographiques et du harcèlement en ligne."
ENS_2024,ENS_2024_101,LEG,2024,ENS,Nous referons de l’aide sociale à l’enfance et de la gestion des mineurs non-accompagnés une compétence de l’Etat pour assurer l’égalité de traitement partout sur le territoire national.
ENS_2024,ENS_2024_102,LEG,2024,ENS,Ensemble pour la cohésion des territoires !
ENS_2024,ENS_2024_103,LEG,2024,ENS,"Comme depuis 2017, nous continuerons à soutenir les collectivités locales et les élus durant les crises."
ENS_2024,ENS_2024_104,LEG,2024,ENS,"Après avoir mis en place des soutiens exceptionnels de 12 milliards d’euros durant les crises sanitaire, énergétique et climatique, nous poursuivrons le soutien à l’investissement local pour la transition écologique à travers le « Fonds vert » mis en place en 2023."
ENS_2024,ENS_2024_105,LEG,2024,ENS,"Comme depuis 2017, nous ne baisserons pas les dotations de fonctionnement aux collectivités locales, après les avoir revalorisées de 640 millions d’euros depuis 2022."
ENS_2024,ENS_2024_106,LEG,2024,ENS,Nous simplifierons le millefeuille territorial en poursuivant la déconcentration de l’État dans les territoires et en permettant aux collectivités de réaliser des économies de fonctionnement en regroupant davantage leurs compétences.
ENS_2024,ENS_2024_107,LEG,2024,ENS,"Nous ouvrirons une maison France services dans chaque canton, à 20 minutes de chez soi, y compris en ruralité."
ENS_2024,ENS_2024_108,LEG,2024,ENS,"Pour cela, nous porterons leur nombre de 2 700 à 3 000 d’ici 2027."
ENS_2024,ENS_2024_109,LEG,2024,ENS,"Nous soutiendrons la culture de proximité en ruralité et pour tous les âges, à travers notamment le « printemps de la ruralité »."
ENS_2024,ENS_2024_110,LEG,2024,ENS,Ensemble pour protéger l'environnement.
ENS_2024,ENS_2024_111,LEG,2024,ENS,"D’ici 2030, nous baisserons de 55 % les émissions de gaz à effet de serre par rapport à 1990."
ENS_2024,ENS_2024_112,LEG,2024,ENS,"Pour cela, nous baisserons de 20 % supplémentaires les émissions de gaz à effet de serre d’ici 2027 en maintenant le rythme inédit atteint l’an passé (-6%)."
ENS_2024,ENS_2024_113,LEG,2024,ENS,Nous proposerons chaque année 100 000 véhicules électriques en leasing social pour permettre aux Français de classes moyennes et populaires de choisir un mode de déplacement non-polluant.
ENS_2024,ENS_2024_114,LEG,2024,ENS,Nous mettrons en chantier 14 nouveaux réacteurs nucléaires pour assurer l’indépendance énergétique de la France et aller vers une économie sans carbone.
ENS_2024,ENS_2024_115,LEG,2024,ENS,Leur construction sera accélérée grâce à la loi adoptée en 2023.
ENS_2024,ENS_2024_116,LEG,2024,ENS,"Nous permettrons aux entreprises d’adapter les horaires de travail en période de canicule, notamment pour les travailleurs très exposés comme ceux du BTP."
ENS_2024,ENS_2024_117,LEG,2024,ENS,"Nous continuerons à réduire l’usage des pesticides de 50 % d’ici 2030, après avoir réduit l’usage des plus dangereux de 98 % depuis 2017."
ENS_2024,ENS_2024_118,LEG,2024,ENS,Nous mettrons en place des prix rémunérateurs pour les agriculteurs.
ENS_2024,ENS_2024_119,LEG,2024,ENS,Cela favorisera une alimentation de qualité payée au juste prix grâce à des prix planchers par filière.
ENS_2024,ENS_2024_120,LEG,2024,ENS,Ils entreront en vigueur à partir de 2025.
ENS_2024,ENS_2024_121,LEG,2024,ENS,"Après l’interdiction des plastiques à usage unique, nous continuerons à lutter contre le gaspillage et la pollution de l’environnement en supprimant progressivement le plastique jetable et en développant l’économie circulaire."
ENS_2024,ENS_2024_122,LEG,2024,ENS,Ensemble pour que la France rayonne dans le monde.
ENS_2024,ENS_2024_123,LEG,2024,ENS,Nous resterons dans l’OTAN et nous maintiendrons la dissuasion nucléaire.
ENS_2024,ENS_2024_124,LEG,2024,ENS,"Ces choix, que certaines de nos oppositions voudraient remettre en cause, garantissent la souveraineté de notre nation."
ENS_2024,ENS_2024_125,LEG,2024,ENS,"Nous doublerons d’ici 2030 le budget militaire de la nation, conformément à la loi de programmation militaire, pour faire face aux nouvelles menaces et faire respecter la France et sa voix singulière dans le concert des nations."
ENS_2024,ENS_2024_126,LEG,2024,ENS,Nous garderons le cap d’une politique qui a permis à notre pays d’être classé pour la cinquième année consécutive le plus attractif d’Europe pour les investissements étrangers.
ENS_2024,ENS_2024_127,LEG,2024,ENS,"Notre diplomatie demeurera au service de nos compatriotes en France comme à l’étranger, comme par exemple avec la simplification et la dématérialisation des procédures d’état-civil pour les Français de l’étranger."
ENS_2024,ENS_2024_128,LEG,2024,ENS,Les 100 jours.
ENS_2024,ENS_2024_129,LEG,2024,ENS,Les mesures phares.
ENS_2024,ENS_2024_130,LEG,2024,ENS,Elargissement de la garantie contre les impayés de loyers à plusieurs millions de travailleurs de classes moyennes et populaires.
ENS_2024,ENS_2024_131,LEG,2024,ENS,Nouvelle étape de solidarité à la source avec le pré-remplissage automatique des aides.
ENS_2024,ENS_2024_132,LEG,2024,ENS,Présentation d’un plan anti-cambriolages.
ENS_2024,ENS_2024_133,LEG,2024,ENS,"Présentation d’un projet de loi de lutte contre les fraudes fiscales et sociales Présentation d’un projet de loi pour le pouvoir d’achat des classes moyennes : désmicardisation, prime jusqu’à 10 000 € sans charge ni impôt."
ENS_2024,ENS_2024_134,LEG,2024,ENS,Examen du projet de loi fin de vie.
ENS_2024,ENS_2024_135,LEG,2024,ENS,Cérémonie d’ouverture des Jeux olympiques et paralympiques 2024.
ENS_2024,ENS_2024_136,LEG,2024,ENS,Déploiement d’un service d’accès aux soins dans 100 % des départements et plan d’urgence 18h-minuit/week-end.
ENS_2024,ENS_2024_137,LEG,2024,ENS,Ouverture des achats groupés de fournitures scolaires pour les parents d’élèves avec remises jusqu’à 15 % (gain de 50 à 60 € pour un collégien).
ENS_2024,ENS_2024_138,LEG,2024,ENS,Commémorations de la Libération de Paris.
ENS_2024,ENS_2024_139,LEG,2024,ENS,Présentation d’un projet de loi pour Mayotte.
ENS_2024,ENS_2024_140,LEG,2024,ENS,Mise en oeuvre du choc des savoirs à l’Ecole de la République.
ENS_2024,ENS_2024_141,LEG,2024,ENS,Présentation d’un projet de loi contre la délinquance des mineurs.
ENS_2024,ENS_2024_142,LEG,2024,ENS,Lancement des services civiques écologiques.
ENS_2024,ENS_2024_143,LEG,2024,ENS,Bilan des mesures de déconcentration de l’action publique et 2e étape pour redonner des libertés aux territoires.
ENS_2024,ENS_2024_144,LEG,2024,ENS,Présentation du budget 2025 avec.
ENS_2024,ENS_2024_145,LEG,2024,ENS,La baisse de 15 % des factures d’électricité à l’hiver (gain de 200 €).
ENS_2024,ENS_2024_146,LEG,2024,ENS,La mutuelle à 1 € par jour.
ENS_2024,ENS_2024_147,LEG,2024,ENS,Exonération de frais de notaires pour primo-achat jusqu’à 250 000 €.
ENS_2024,ENS_2024_148,LEG,2024,ENS,Indexation des retraites sur l’inflation.
ENS_2024,ENS_2024_149,LEG,2024,ENS,Mise en place du congé de naissance.
ENS_2024,ENS_2024_150,LEG,2024,ENS,Aucun impôt jusqu’à 150 000 € de succession ou donation par enfant ni jusqu’à 100 000 € aux petits-enfants.
ENS_2024,ENS_2024_151,LEG,2024,ENS,Elargissement du système de gardes en ambulatoire à d’autres professions de santé.
ENS_2024,ENS_2024_152,LEG,2024,ENS,Nouvelle vague de leasing social de véhicules électriques ciblés en faveur des professionnels des métiers du soin.
ENS_2024,ENS_2024_153,LEG,2024,ENS,Début du remboursement intégral des fauteuils roulants.
FP_2024,FP_2024_1,LEG,2024,FP,Nouveau Front Populaire.
FP_2024,FP_2024_2,LEG,2024,FP,Contrat de législature.
FP_2024,FP_2024_3,LEG,2024,FP,Préambule.
FP_2024,FP_2024_4,LEG,2024,FP,"Le Nouveau Front Populaire rassemble des femmes et des hommes issus d’organisations politiques, syndicales, associatives et citoyennes qui s’unissent pour construire un programme de rupture avec la politique d’Emmanuel Macron, répondant aux urgences sociales, écologiques, démocratiques et pour la paix."
FP_2024,FP_2024_5,LEG,2024,FP,Nous combattons le projet raciste et de casse sociale de l’extrême droite et voulons l’empêcher d’arriver au pouvoir.
FP_2024,FP_2024_6,LEG,2024,FP,"Nous refusons les attaques contre nos libertés démocratiques et la répression vis à vis des forces sociales et associatives, particulièrement bafouées ces dernières années."
FP_2024,FP_2024_7,LEG,2024,FP,Nous luttons contre la multiplication des discours de haine et contre la prolifération des menaces et des violences qui abîment notre démocratie.
FP_2024,FP_2024_8,LEG,2024,FP,"C’est pourquoi notre majorité et nos parlementaires s’engagent à porter ces principes éthiques tout au long de la mandature en refusant la diffusion de fausses informations, la calomnie, le cyberharcèlement, et les incitations à la haine, y compris sur internet."
FP_2024,FP_2024_9,LEG,2024,FP,"En donnant une majorité de députés au Nouveau Front Populaire, les Françaises et les Français écriront une nouvelle page de l’histoire de France."
FP_2024,FP_2024_10,LEG,2024,FP,"Les 30 juin et 7 juillet, votez pour le Nouveau Front Populaire !"
FP_2024,FP_2024_11,LEG,2024,FP,Partie 1 15 premiers jours LA RUPTURE.
FP_2024,FP_2024_12,LEG,2024,FP,Une seule priorité pour le gouvernement du Nouveau Front Populaire dès son installation : répondre aux urgences qui abîment la vie et la confiance du peuple français.
FP_2024,FP_2024_13,LEG,2024,FP,Nous en finirons avec la brutalisation et la maltraitance des années Macron.
FP_2024,FP_2024_14,LEG,2024,FP,"Nous adopterons immédiatement 20 actes de rupture pour répondre à l’urgence sociale, au défi climatique, à la réparation des services publics, à un chemin d’apaisement en France et dans le monde."
FP_2024,FP_2024_15,LEG,2024,FP,Pour que la vie change dès l’été 2024.
FP_2024,FP_2024_16,LEG,2024,FP,Décréter l’état d’urgence sociale.
FP_2024,FP_2024_17,LEG,2024,FP,"Bloquer les prix des biens de première nécessité dans l’alimentation, l’énergie et les carburants par décret, et renforcer le bouclier qualité-prix pour les outre-mer."
FP_2024,FP_2024_18,LEG,2024,FP,"Abroger immédiatement les décrets d’application de la réforme d’Emmanuel Macron passant l’âge de départ à la retraite à 64 ans, ainsi que les réformes de l’assurance-chômage."
FP_2024,FP_2024_19,LEG,2024,FP,Augmenter le minimum contributif (pension de retraite pour une carrière complète) au niveau du SMIC et le minimum vieillesse au niveau du seuil de pauvreté.
FP_2024,FP_2024_20,LEG,2024,FP,"Augmenter les salaires par le passage du SMIC à 1600€ net, par la hausse de 10% du point d’indice des fonctionnaires (intégralement compensée pour les collectivités territoriales), augmenter les indemnités des stagiaires, le salaire des apprentis et des alternants."
FP_2024,FP_2024_21,LEG,2024,FP,Engager les négociations commerciales en garantissant un prix plancher et rémunérateur aux agriculteurs et en taxant les superprofits des agro-industriels et de la grande distribution.
FP_2024,FP_2024_22,LEG,2024,FP,Revaloriser les APL de 10 %.
FP_2024,FP_2024_23,LEG,2024,FP,Relever le défi climatique.
FP_2024,FP_2024_24,LEG,2024,FP,Décréter un moratoire sur les grands projets d’infrastructures autoroutières.
FP_2024,FP_2024_25,LEG,2024,FP,Adopter un moratoire sur les méga-bassines.
FP_2024,FP_2024_26,LEG,2024,FP,Mettre en place des règles précises de partage de l’eau sur l’ensemble des activités.
FP_2024,FP_2024_27,LEG,2024,FP,Défendre le droit au logement.
FP_2024,FP_2024_28,LEG,2024,FP,"Relancer la construction du logement social en revenant sur les coupes de Macron pour les organismes HLM de 1,4 milliard d’euros annuels."
FP_2024,FP_2024_29,LEG,2024,FP,Créer les places d’accueil d’hébergement d’urgence permettant un accueil inconditionnel et procéder dans les situations d’urgence à la réquisition des logements vides nécessaires pour loger les sans-abris.
FP_2024,FP_2024_30,LEG,2024,FP,Réparer les services publics.
FP_2024,FP_2024_31,LEG,2024,FP,"Organiser une conférence de sauvetage de l’hôpital public afin d’éviter la saturation pendant l’été, proposer la revalorisation du travail de nuit et du week-end pour ses personnels."
FP_2024,FP_2024_32,LEG,2024,FP,"Redonner à l’école publique son objectif d’émancipation en abrogeant le « choc des savoirs » de Macron, et préserver la liberté pédagogique."
FP_2024,FP_2024_33,LEG,2024,FP,"Faire les premier pas pour la gratuité intégrale à l’école : cantine scolaire, fournitures, transports, activités périscolaires."
FP_2024,FP_2024_34,LEG,2024,FP,Augmenter le montant du Pass’Sport à 150 euros et étendre son utilisation au sport scolaire en vue de la rentrée.
FP_2024,FP_2024_35,LEG,2024,FP,Apaiser.
FP_2024,FP_2024_36,LEG,2024,FP,"Relancer la création d’emplois aidés pour les associations, notamment sportives et d’éducation populaire."
FP_2024,FP_2024_37,LEG,2024,FP,"Déployer de premières équipes de police de proximité, interdire les LBD et les grenades mutilantes, et démanteler les BRAV-M."
FP_2024,FP_2024_38,LEG,2024,FP,Retrouver la paix en Kanaky-Nouvelle Calédonie.
FP_2024,FP_2024_39,LEG,2024,FP,Abandonner le processus de réforme constitutionnelle visant au dégel immédiat du corps électoral.
FP_2024,FP_2024_40,LEG,2024,FP,C’est un geste fort d’apaisement qui permettra de retrouver le chemin du dialogue et de la recherche du consensus.
FP_2024,FP_2024_41,LEG,2024,FP,"À travers la mission de dialogue, renouer avec la promesse du « destin commun », dans l’esprit des accords de Matignon et de Nouméa et d’impartialité de l’État, en soutenant la recherche d’un projet d’accord global qui engage un véritable processus d’émancipation et de décolonisation."
FP_2024,FP_2024_42,LEG,2024,FP,Mettre à l’ordre du jour des changements en Europe.
FP_2024,FP_2024_43,LEG,2024,FP,Refuser les contraintes austéritaires du pacte budgétaire.
FP_2024,FP_2024_44,LEG,2024,FP,Proposer une réforme de la Politique agricole commune (PAC).
FP_2024,FP_2024_45,LEG,2024,FP,L’urgence de la paix.
FP_2024,FP_2024_46,LEG,2024,FP,Promouvoir une diplomatie française au service de la paix.
FP_2024,FP_2024_47,LEG,2024,FP,Faire des propositions en vue d’une diplomatie de promotion des biens communs planétaires.
FP_2024,FP_2024_48,LEG,2024,FP,"Une diplomatie qui préserve notre environnement : reconnaissance du crime d’écocide, protection des fonds marins, défense de la gestion des pôles comme bien communs de l’humanité, soutenir la création d’un tribunal international de justice climatique et environnementale."
FP_2024,FP_2024_49,LEG,2024,FP,Une diplomatie au service de la santé : défendre la levée des brevets sur les vaccins et les moyens médicaux de lutte contre les pandémies.
FP_2024,FP_2024_50,LEG,2024,FP,Une diplomatie qui garantit la démilitarisation et la dépollution de l’espace.
FP_2024,FP_2024_51,LEG,2024,FP,Adopter une diplomatie féministe en augmentant les financements internationaux pour les droits des femmes et en poussant l’adoption de la clause de la législation la plus favorisée en Europe.
FP_2024,FP_2024_52,LEG,2024,FP,"Faire respecter l’engagement de la France d’attribuer 0,7% de son RNB à l’aide publique au développement."
FP_2024,FP_2024_53,LEG,2024,FP,Défendre l’Ukraine et la paix sur le continent européen.
FP_2024,FP_2024_54,LEG,2024,FP,"Pour faire échec à la guerre d’agression de Vladimir Poutine, et qu’il réponde de ses crimes devant la justice internationale : défendre indéfectiblement la souveraineté et la liberté du peuple ukrainien ainsi que l’intégrité de ses frontières, par la livraison d’armes nécessaires, l’annulation de sa dette extérieure, la saisie des avoirs des oligarques qui contribuent à l’effort de guerre russe dans le cadre permis par le droit international, l’envoi de casques bleus pour sécuriser les centrales nucléaires, dans un contexte international de tensions et de guerre sur le continent européen et œuvrer au retour de la paix."
FP_2024,FP_2024_55,LEG,2024,FP,Agir pour un cessez-le-feu immédiat à Gaza et pour une paix juste et durable.
FP_2024,FP_2024_56,LEG,2024,FP,"Rompre avec le soutien coupable du gouvernement français au gouvernement suprémaciste d’extrême droite de Netanyahu pour imposer un cessez-le-feu immédiat à Gaza et faire respecter l’ordonnance de la Cour Internationale de Justice (CIJ) qui évoque, sans ambiguïtés, un risque de génocide."
FP_2024,FP_2024_57,LEG,2024,FP,"Agir pour la libération des otages détenus depuis les massacres terroristes du Hamas, dont nous rejetons le projet théocratique, et pour la libération des prisonniers politiques palestiniens."
FP_2024,FP_2024_58,LEG,2024,FP,Soutenir la Cour Pénale Internationale (CPI) dans ses poursuites contre les dirigeants du Hamas et le gouvernement de Netanyahu.
FP_2024,FP_2024_59,LEG,2024,FP,Reconnaitre immédiatement l’État de Palestine aux côtés de l’État d’Israël sur la base des résolutions de l’ONU.
FP_2024,FP_2024_60,LEG,2024,FP,Décréter un embargo sur les livraisons d’armes à Israël.
FP_2024,FP_2024_61,LEG,2024,FP,Infliger des sanctions contre le gouvernement d’extrême droite de Netanyahu tant que celui-ci ne respecte pas le droit international à Gaza et en Cisjordanie.
FP_2024,FP_2024_62,LEG,2024,FP,"Demander la suspension de l’accord d‘association Union européenne - Israël, conditionné au respect des droits humains."
FP_2024,FP_2024_63,LEG,2024,FP,Permettre l’organisation d’élections libres sous contrôle international pour permettre aux Palestiniens de décider de leur destin.
FP_2024,FP_2024_64,LEG,2024,FP,Faire respecter la souveraineté du Liban et la protection des 700 Français engagés sous casque bleu pour le droit international.
FP_2024,FP_2024_65,LEG,2024,FP,L’urgence de la paix.
FP_2024,FP_2024_66,LEG,2024,FP,Partie 2 100 premiers jours L’ÉTÉ DES BIFURCATIONS.
FP_2024,FP_2024_67,LEG,2024,FP,"Passés les 15 premiers jours, une session extraordinaire s’ouvrira à l’Assemblée nationale, où les groupes du Nouveau Front Populaire sont majoritaires, puis une seconde à la rentrée, après la fin des Jeux Olympiques et Paralympiques."
FP_2024,FP_2024_68,LEG,2024,FP,Le Parlement tient une place beaucoup plus importante dans le type de gouvernement promu par le Nouveau Front Populaire.
FP_2024,FP_2024_69,LEG,2024,FP,Les députés sont particulièrement associés et / ou à l’initiative de 5 paquets législatifs pour amorcer les grandes bifurcations dont le pays a besoin.
FP_2024,FP_2024_70,LEG,2024,FP,"D’abord, à la suite des mesures d’urgence par décret, la présentation d’une grande loi permet de rattraper et d’améliorer la situation sociale des Français grandement paupérisés par 7 ans de macronisme et 3 ans d’inflation."
FP_2024,FP_2024_71,LEG,2024,FP,Deux grandes lois permettront d’entamer la reconstruction des deux services publics les plus cruciaux : santé et éducation.
FP_2024,FP_2024_72,LEG,2024,FP,Une loi énergie climat permettra de jeter les bases de la planification écologique.
FP_2024,FP_2024_73,LEG,2024,FP,"Enfin, le premier projet de loi de finances rectificative sera présenté pour abolir les privilèges des milliardaires."
FP_2024,FP_2024_74,LEG,2024,FP,Faire une grande loi pour le pouvoir d’achat.
FP_2024,FP_2024_75,LEG,2024,FP,"Organiser une grande conférence sociale sur les salaires, l’emploi et la qualification."
FP_2024,FP_2024_76,LEG,2024,FP,Indexer les salaires sur l’inflation et porter l’Allocation aux adultes handicapés (AAH) au niveau du SMIC.
FP_2024,FP_2024_77,LEG,2024,FP,"Abolir la taxe Macron de 10% sur les factures d’énergie, annuler la hausse programmée du prix du gaz au 1er juillet, plafonner les frais bancaires, faire la gratuité des premiers KwH, abolir les coupures d’électricité, de chaleur et de gaz (hors trêve hivernale), annuler les réformes Macron sur le revenu de solidarité active (RSA)."
FP_2024,FP_2024_78,LEG,2024,FP,Faire une grande loi santé.
FP_2024,FP_2024_79,LEG,2024,FP,Réguler l’installation des médecins dans les déserts médicaux et rétablir des permanences de soin des soignants libéraux dans les centres de santé.
FP_2024,FP_2024_80,LEG,2024,FP,Conditionner l’ouverture des cliniques privées à la participation à la permanence des soins et à la garantie d’un reste à charge zéro.
FP_2024,FP_2024_81,LEG,2024,FP,"Engager un plan pluriannuel de recrutement des professionnels du soin et du médico-social (médecins, infirmiers, aidessoignants, personnels administratifs) et de revalorisation des métiers et des salaires."
FP_2024,FP_2024_82,LEG,2024,FP,Créer un pôle public du médicament avec renforcement des obligations de stocks.
FP_2024,FP_2024_83,LEG,2024,FP,"Interdire tous les polluants éternels (PFAS) pour toutes les utilisations, notamment les ustensiles de cuisine."
FP_2024,FP_2024_84,LEG,2024,FP,Faire une grande loi éducation.
FP_2024,FP_2024_85,LEG,2024,FP,Réduire les effectifs par classe pour faire mieux que la moyenne européenne de 19 élèves.
FP_2024,FP_2024_86,LEG,2024,FP,Moduler les dotations des établissements scolaires - y compris privés - en fonction de leur respect d’objectifs de mixité sociale.
FP_2024,FP_2024_87,LEG,2024,FP,"Démocratiser l’université en abolissant Parcoursup et la sélection dans l’université publique, instaurer le repas à 1 euro dans les Crous."
FP_2024,FP_2024_88,LEG,2024,FP,"Investir dans l’Éducation nationale à hauteur des besoins en engageant la revalorisation des grilles de salaires, en réinvestissant dans les locaux scolaires, en renforçant les effectifs de la médecine scolaire - en garantissant le nombre de personnels par établissement - et de la vie scolaire en reconnaissant leur rôle pédagogique, en créant un service public d’accompagnement des élèves en situation de handicap, en formant et titularisant les actuelles accompagnantes d’élèves en situation de handicap (AESH)."
FP_2024,FP_2024_89,LEG,2024,FP,Mettre en place une garantie d’autonomie qui complète les revenus des ménages situés sous le seuil de pauvreté (accessible dès 18 ans pour les personnes indépendantes fiscalement et dès 16 ans pour les élèves de l’enseignement professionnel).
FP_2024,FP_2024_90,LEG,2024,FP,Entamer la planification écologique.
FP_2024,FP_2024_91,LEG,2024,FP,Faire voter une loi énergie-climat.
FP_2024,FP_2024_92,LEG,2024,FP,Inscrire le principe de la règle verte.
FP_2024,FP_2024_93,LEG,2024,FP,Mettre en place un plan climat visant la neutralité carbone en 2050.
FP_2024,FP_2024_94,LEG,2024,FP,"Assurer l’isolation complète des logements, en renforçant les aides pour tous les ménages et garantissant leur prise en charge complète pour les ménages modestes."
FP_2024,FP_2024_95,LEG,2024,FP,"Accélérer la rénovation des bâtiments publics (écoles, hôpitaux, etc)."
FP_2024,FP_2024_96,LEG,2024,FP,Renforcer la structuration de filières françaises et européennes de production d’énergies renouvelables (de la fabrication à la production).
FP_2024,FP_2024_97,LEG,2024,FP,Faire de la France le leader européen des énergies marines avec l’éolien en mer et le développement des énergies hydroliennes Revenir sur la fusion entre l’Agence de sûreté nucléaire (ASN) et l’Institut de recherche sur la sûreté nucléaire (IRSN).
FP_2024,FP_2024_98,LEG,2024,FP,Refuser la privatisation des barrages hydroélectriques.
FP_2024,FP_2024_99,LEG,2024,FP,"Lutter contre toutes les formes de racismes, contre l’antisémitisme et l’islamophobie."
FP_2024,FP_2024_100,LEG,2024,FP,"Au moment où l’extrême droite menace, nous rappelons que la parole et les actes racistes, antisémites et islamophobes se propagent dans toute la société et connaissent une explosion inquiétante, sans précédent."
FP_2024,FP_2024_101,LEG,2024,FP,Aucune tolérance n’est de mise face à ces menaces et à ces comportements d’où qu’ils viennent.
FP_2024,FP_2024_102,LEG,2024,FP,"S’attaquer à nos compatriotes pour leur couleur de peau ou leur religion supposée ou réelle, c’est s’attaquer à la République."
FP_2024,FP_2024_103,LEG,2024,FP,En voir certains quitter ou vouloir quitter notre pays est un échec collectif.
FP_2024,FP_2024_104,LEG,2024,FP,"Nous nous engageons à : Donner à la justice les moyens de poursuivre et de sanctionner les auteurs de propos ou actes racistes, islamophobes et antisémites."
FP_2024,FP_2024_105,LEG,2024,FP,Instaurer un Commissariat à l’égalité doté d’un Observatoire des discriminations et de pôles spécialisés au sein des services publics et des cours d’appel.
FP_2024,FP_2024_106,LEG,2024,FP,"Adopter et mettre en œuvre un plan de lutte contre les discriminations, notamment à l’embauche, à la santé et au logement, et le renforcement des sanctions."
FP_2024,FP_2024_107,LEG,2024,FP,L’antisémitisme a une histoire tragique dans notre pays qui ne doit pas se répéter.
FP_2024,FP_2024_108,LEG,2024,FP,Tous ceux qui propagent la haine des juifs doivent être combattus.
FP_2024,FP_2024_109,LEG,2024,FP,"Nous proposerons un plan interministériel pour analyser, prévenir et lutter contre l’antisémitisme en France, notamment à l’école et contre ses effets sur la vie des populations qui le subissent."
FP_2024,FP_2024_110,LEG,2024,FP,Une autre haine cible particulièrement les musulmans ou les personnes assimilées à cette religion.
FP_2024,FP_2024_111,LEG,2024,FP,"Elle découle notamment de l’omniprésence des discours islamophobes dans certains médias, de presse écrite ou audiovisuelle."
FP_2024,FP_2024_112,LEG,2024,FP,"Nous proposerons un plan interministériel pour analyser, prévenir et lutter contre l’islamophobie en France, et contre ses effets sur ceux qui la subissent."
FP_2024,FP_2024_113,LEG,2024,FP,"Nous assurerons la sécurité des lieux cultuels et culturels (juifs, musulmans, chrétiens) de notre pays en renforçant si nécessaire toutes les mesures de protection policières dont elles bénéficient."
FP_2024,FP_2024_114,LEG,2024,FP,Abolir les privilèges des milliardaires.
FP_2024,FP_2024_115,LEG,2024,FP,"Adopter un projet de loi de finances rectificative le 4 août, pour se doter d’une politique fiscale juste avec notamment les mesures suivantes."
FP_2024,FP_2024_116,LEG,2024,FP,Accroître la progressivité de l’impôt sur le revenu à 14 tranches.
FP_2024,FP_2024_117,LEG,2024,FP,Rendre la CSG progressive.
FP_2024,FP_2024_118,LEG,2024,FP,Rétablir un impôt de solidarité sur la fortune (ISF) renforcé avec un volet climatique.
FP_2024,FP_2024_119,LEG,2024,FP,Supprimer la flat tax et rétablir l’exit tax.
FP_2024,FP_2024_120,LEG,2024,FP,"Supprimer les niches fiscales inefficaces, injustes et polluantes."
FP_2024,FP_2024_121,LEG,2024,FP,Réformer l’impôt sur l’héritage pour le rendre plus progressif en ciblant les plus hauts patrimoines et instaurer un héritage maximum.
FP_2024,FP_2024_122,LEG,2024,FP,Instaurer une taxe kilométrique sur les produits importés .
FP_2024,FP_2024_123,LEG,2024,FP,Partie 3 Les mois suivants LES TRANSFORMATIONS.
FP_2024,FP_2024_124,LEG,2024,FP,"Une fois ces grands chantiers lancés, tout reste à faire pour tout changer !"
FP_2024,FP_2024_125,LEG,2024,FP,"Ce sera la tâche du gouvernement et des députés du Nouveau Front Populaire, en lien constant avec la société mobilisée, notamment les syndicats, associations, collectifs."
FP_2024,FP_2024_126,LEG,2024,FP,L’ambitieux programme législatif de transformation que le Nouveau Front Populaire se fixe pour les mois suivants est largement issu des propositions et revendications produites par cette société mobilisée.
FP_2024,FP_2024_127,LEG,2024,FP,"Sa cohérence globale c’est l’application pleine et entière du programme suivant : liberté, égalité, fraternité."
FP_2024,FP_2024_128,LEG,2024,FP,Son cap c’est l’harmonie des êtres humains entre eux et avec la nature.
FP_2024,FP_2024_129,LEG,2024,FP,Le service public est de retour.
FP_2024,FP_2024_130,LEG,2024,FP,"Lancer le rattrapage des postes manquants de fonctionnaires à l’hôpital public, dans le soin et le médico-social, à l’école publique, dans la justice, dans les services et les agences de l’État, en revalorisant les métiers et les salaires."
FP_2024,FP_2024_131,LEG,2024,FP,Garantir l’accès aux services publics à toutes et tous sans condition de nationalité et sur tout le territoire par un plan d’investissement : personne ne doit habiter à moins de trente minutes d’un accueil physique des services publics.
FP_2024,FP_2024_132,LEG,2024,FP,Garantir l’accès à chaque famille à un mode de garde adapté grâce à un service public de la petite enfance ouvrant 500 000 places en crèches ou autre solution de garde.
FP_2024,FP_2024_133,LEG,2024,FP,"Organiser des états généraux des quartiers populaires et des états généraux des espaces ruraux pour construire une véritable égalité territoriale, notamment dans les services publics."
FP_2024,FP_2024_134,LEG,2024,FP,"Lancer un plan Grand âge en rénovant les EHPAD, en augmentant et en formant les professionnels du grand âge."
FP_2024,FP_2024_135,LEG,2024,FP,Interdire des placements hôteliers dans le cadre de l’Aide Sociale à l’Enfance et interdire les sorties sèches à 18 ans.
FP_2024,FP_2024_136,LEG,2024,FP,Faire une loi de programmation de la recherche plus ambitieuse.
FP_2024,FP_2024_137,LEG,2024,FP,Garantir le droit au logement.
FP_2024,FP_2024_138,LEG,2024,FP,Construire 200 000 logements publics par an pendant cinq ans aux normes écologiques les plus ambitieuses.
FP_2024,FP_2024_139,LEG,2024,FP,Adopter une grande loi pour garantir le droit au logement effectif comprenant notamment.
FP_2024,FP_2024_140,LEG,2024,FP,L’abrogation de la loi Kasbarian qui criminalise les locataires et l’interdiction des expulsions locatives pour impayés sans proposition de relogement.
FP_2024,FP_2024_141,LEG,2024,FP,L’encadrement des loyers de manière obligatoire dans les zones tendues ainsi que des prix du foncier.
FP_2024,FP_2024_142,LEG,2024,FP,La garantie universelle des loyers pour sécuriser les propriétaires et les locataires.
FP_2024,FP_2024_143,LEG,2024,FP,Aucune remise en cause de la loi SRU et l’aggravation des sanctions contre les communes hors la loi.
FP_2024,FP_2024_144,LEG,2024,FP,L’ouverture du prêt à taux zéro à tous les ménages primoaccédants sans distinction géographique ou entre neuf ou ancien.
FP_2024,FP_2024_145,LEG,2024,FP,Le nouveau droit à la retraite.
FP_2024,FP_2024_146,LEG,2024,FP,Réaffirmer l’objectif commun du droit à la retraite à 60 ans.
FP_2024,FP_2024_147,LEG,2024,FP,Rétablir les facteurs de pénibilité supprimés par Emmanuel Macron.
FP_2024,FP_2024_148,LEG,2024,FP,Prendre en compte le RSA pour valider des trimestres en vue de la retraite.
FP_2024,FP_2024_149,LEG,2024,FP,Indexer le montant des retraites sur les salaires.
FP_2024,FP_2024_150,LEG,2024,FP,"Soumettre à cotisation les dividendes, la participation, l’épargne salariale, les rachats d’action, les heures supplémentaires."
FP_2024,FP_2024_151,LEG,2024,FP,"Augmenter de 0,25 point par an pendant 5 ans les cotisations vieillesse et moduler les cotisations sociales patronales."
FP_2024,FP_2024_152,LEG,2024,FP,Créer une surcotisation sur les hauts salaires.
FP_2024,FP_2024_153,LEG,2024,FP,Vers une 6e  République.
FP_2024,FP_2024_154,LEG,2024,FP,Abolir la monarchie présidentielle dans la pratique des institutions.
FP_2024,FP_2024_155,LEG,2024,FP,Instaurer la proportionnelle.
FP_2024,FP_2024_156,LEG,2024,FP,Revitaliser le parlement.
FP_2024,FP_2024_157,LEG,2024,FP,Abroger le 49_3.
FP_2024,FP_2024_158,LEG,2024,FP,Défendre la décentralisation effective en renforçant la démocratie locale dans l’unité de la République.
FP_2024,FP_2024_159,LEG,2024,FP,Instaurer le référendum d’initiative citoyenne (RIC) et renforcer le référendum d’initiative partagée en abaissant notamment le seuil de signatures citoyennes pour son déclenchement.
FP_2024,FP_2024_160,LEG,2024,FP,Passer à une 6e  République par la convocation d’une assemblée constituante citoyenne élue.
FP_2024,FP_2024_161,LEG,2024,FP,"Sûreté, Sécurité et Justice."
FP_2024,FP_2024_162,LEG,2024,FP,"Assurer la sécurité de la population par le rétablissement de la police de proximité, la suppression de la réforme Darmanin qui a affaibli la police judiciaire, le maintien de l’ensemble des gendarmeries, l’augmentation des effectifs de police judiciaire, technique, scientifique, du renseignement, des unités en charge du narcotrafic, de la délinquance financière, du trafic d’êtres humains et du démantèlement des réseaux mafieux."
FP_2024,FP_2024_163,LEG,2024,FP,Revoir et allonger la formation des policiers.
FP_2024,FP_2024_164,LEG,2024,FP,"Mettre en place un nouveau code de déontologie, supprimer l’IGPN et l’IGGN et les remplacer par un nouvel organisme indépendant, rattaché à la Défenseure des droits."
FP_2024,FP_2024_165,LEG,2024,FP,"Augmenter les moyens de la justice pour garantir un traitement juste et dans un délai raisonnable de l’ensemble des procédures, notamment par l’embauche de magistrats, greffiers, agents de la protection judiciaire de la jeunesse."
FP_2024,FP_2024_166,LEG,2024,FP,"Agir contre la surpopulation carcérale, assurer des conditions dignes de détention et donner les moyens à l’administration pénitentiaire et judiciaire de réaliser sa mission en toute sécurité."
FP_2024,FP_2024_167,LEG,2024,FP,Mettre en place les récipissés pour les contrôles d’identité.
FP_2024,FP_2024_168,LEG,2024,FP,Faire bifurquer l’économie et réindustrialiser la France.
FP_2024,FP_2024_169,LEG,2024,FP,"Engager un plan de reconstruction industrielle pour mettre fin à la dépendance de la France et de l’Europe dans les domaines stratégiques (semi-conducteurs, médicaments, technologies de pointe, voitures électriques, panneaux solaires, etc)."
FP_2024,FP_2024_170,LEG,2024,FP,Réaliser un diagnostic préalable des ressources naturelles avant implantation industrielle.
FP_2024,FP_2024_171,LEG,2024,FP,"Encadrer la sous-traitance, garantir la responsabilité du donneur d’ordre et mettre en place des quotas de sous-traitants issus du tissu de TPE/PME et de l’artisanat local."
FP_2024,FP_2024_172,LEG,2024,FP,"Conditionner les aides aux entreprises au respect de critères environnementaux, sociaux et de lutte contre les discriminations au sein de l’entreprise."
FP_2024,FP_2024_173,LEG,2024,FP,Les inscrire dans une stratégie industrielle publique.
FP_2024,FP_2024_174,LEG,2024,FP,Exiger le remboursement des aides en cas de non-respect des contreparties.
FP_2024,FP_2024_175,LEG,2024,FP,"Faire des salariés de véritables acteurs de la vie économique, en leur réservant au moins un tiers des sièges dans les Conseils d’Administration et en élargissant leur droit d’intervention dans l’entreprise."
FP_2024,FP_2024_176,LEG,2024,FP,Réglementer la banque et la finance pour éviter de nouvelles crises et financer l’économie réelle.
FP_2024,FP_2024_177,LEG,2024,FP,Augmenter les réserves des banques pour faire face aux risques climatiques.
FP_2024,FP_2024_178,LEG,2024,FP,Zero financement des banques pour les énergies fossiles en commençant par les nouveaux projets.
FP_2024,FP_2024_179,LEG,2024,FP,Taxation renforcée des transactions financières.
FP_2024,FP_2024_180,LEG,2024,FP,Créer un droit de préemption pour permettre aux salariés de reprendre leur entreprise sous la forme d’une coopérative.
FP_2024,FP_2024_181,LEG,2024,FP,Accompagner les reprises des entreprises en SCOP par les salariés.
FP_2024,FP_2024_182,LEG,2024,FP,Créer un pôle public bancaire s’appuyant sur la caisse des dépôts et des consignations et la banque publique d’investissement qui aura notamment pour tâche d’affecter la collecte de l’épargne réglementée vers les besoins sociaux et écologiques.
FP_2024,FP_2024_183,LEG,2024,FP,Défendre les droits des travailleurs.
FP_2024,FP_2024_184,LEG,2024,FP,"Organiser une conférence nationale sur le travail et la pénibilité visant au rétablissement de la durée effective hebdomadaire du travail à 35 heures, au passage aux 32 heures dans les métiers pénibles ou de nuit immédiatement et son extension par la négociation collective."
FP_2024,FP_2024_185,LEG,2024,FP,"Adopter un plan d’action « zéro mort au travail » par le rétablissement des comités d’hygiène, de sécurité et des conditions de travail (CHSCT), l’embauche d’inspecteurs du travail et de médecins du travail, la mise à jour du tableau des maladies professionnelles en intégrant notamment le burn-out."
FP_2024,FP_2024_186,LEG,2024,FP,Développer les transports publics et écologiques.
FP_2024,FP_2024_187,LEG,2024,FP,"Garantir des tarifs accessibles et des mesures de gratuité ciblée (jeunes, précaires, etc) dans les transports publics et baisser la TVA sur la tarification des transports en commun à 5,5 %."
FP_2024,FP_2024_188,LEG,2024,FP,"Mettre en place un plan rail et fret, créer des services express régionaux, adopter un moratoire sur la fermeture des petites lignes et les rouvrir dès que possible, revenir sur la privatisation de Fret SNCF."
FP_2024,FP_2024_189,LEG,2024,FP,Conserver la biodiversité.
FP_2024,FP_2024_190,LEG,2024,FP,"Défendre les zones agricoles, naturelles et les zones humides, doubler et améliorer la protection des aires maritimes protégées."
FP_2024,FP_2024_191,LEG,2024,FP,"Protéger la forêt en garantissant la diversité des essences, avec une filière sylvicole respectueuse de la biodiversité et des sols, garantissant les qualifications et les emplois des forestiers."
FP_2024,FP_2024_192,LEG,2024,FP,"Rétablir les milliers de postes supprimés dans le service public de suivi et de protection de la nature : à l’Office national des  forêts, à l’Office français de la biodiversité, à Météo France, au Cerema."
FP_2024,FP_2024_193,LEG,2024,FP,"L’eau, notre bien commun."
FP_2024,FP_2024_194,LEG,2024,FP,Aller vers la gestion 100% publique de l’eau en régies locales: pour la gratuité des premiers mètres-cubes indispensables à la vie et la tarification progressive et différentielle selon les usages.
FP_2024,FP_2024_195,LEG,2024,FP,"Atteindre durant le mandat le très bon état écologique et chimique de tous les cours d’eau (fleuves, rivières, ruisseaux) et réserves souterraines et faire contribuer les industriels à la dépollution des nappes et des sols."
FP_2024,FP_2024_196,LEG,2024,FP,"Mailler le territoire de fontaines à eau, de douches et de sanitaires publics et gratuits."
FP_2024,FP_2024_197,LEG,2024,FP,Pour une agriculture écologique et paysanne.
FP_2024,FP_2024_198,LEG,2024,FP,Annuler l’accord économique et commercial global entre le Canada et l’Union européenne (CETA) ; renoncer à l’accord du Mercosur et protéger nos agriculteurs de la concurrence déloyale.
FP_2024,FP_2024_199,LEG,2024,FP,Interdire l’importation de toute production agricole ne respectant pas nos normes sociales et environnementales.
FP_2024,FP_2024_200,LEG,2024,FP,Lutter contre l’accaparement des terres et permettre à chaque agriculteur qui souhaite s’installer d’accéder à une exploitation pour préserver le modèle agricole familial.
FP_2024,FP_2024_201,LEG,2024,FP,"Soutenir la filière du bio et l’agroécologie, encourager la conversion en bio des exploitations en reprenant leur dette dans une caisse nationale et garantir un débouché aux produits bio dans la restauration collective."
FP_2024,FP_2024_202,LEG,2024,FP,"Rétablir le plan Ecophyto, interdire le glyphosate et les néonicotinoïdes avec accompagnement financier des paysans concernés."
FP_2024,FP_2024_203,LEG,2024,FP,Pour l’émancipation de la jeunesse.
FP_2024,FP_2024_204,LEG,2024,FP,Arrêter le Service National Universel (SNU) pour soutenir à nouveau les associations de jeunesse et d’éducation populaire.
FP_2024,FP_2024_205,LEG,2024,FP,"Créer un dispositif de billet unique ouvert aux jeunes permettant d’accéder à l’ensemble des trains, transports en commun ainsi qu’aux vélos et voitures en libre service du territoire français."
FP_2024,FP_2024_206,LEG,2024,FP,Étendre les droits des femmes et des personnes LGBTQI.
FP_2024,FP_2024_207,LEG,2024,FP,"Adopter une loi intégrale pour lutter contre les violences sexistes et sexuelles en portant le budget à 2,6 milliards d’euros comme demandé par les associations."
FP_2024,FP_2024_208,LEG,2024,FP,Instaurer l’égalité salariale et créer un congé menstruel dans les entreprises et administrations.
FP_2024,FP_2024_209,LEG,2024,FP,Prendre en charge par la Sécurité sociale les protections menstruelles et sanctionner les fabricants qui ne respectent pas le contrôle sanitaire et la régulation des prix.
FP_2024,FP_2024_210,LEG,2024,FP,"Établir la filiation par reconnaissance comme principe par défaut, rembourser la procréation médicalement assistée (PMA), la rendre accessible aux personnes trans."
FP_2024,FP_2024_211,LEG,2024,FP,Mettre en œuvre un plan d’éradication des violences à l’encontre des personnes LGBTQI.
FP_2024,FP_2024_212,LEG,2024,FP,Autoriser le changement d’état-civil libre et gratuit devant un officier d’état civil.
FP_2024,FP_2024_213,LEG,2024,FP,Faire face à l’offensive transphobe : lutter contre la transphobie et augmenter les moyens dans la santé pour les transitions.
FP_2024,FP_2024_214,LEG,2024,FP,Rompre avec la maltraitance animale.
FP_2024,FP_2024_215,LEG,2024,FP,"Sortir des fermes-usines, améliorer le bien-être animal et interdire l’élevage en cages d’ici la fin de mandature."
FP_2024,FP_2024_216,LEG,2024,FP,Un service public des arts et de la culture et des médias au service de l’émancipation.
FP_2024,FP_2024_217,LEG,2024,FP,"Renforcer le budget public consacré à l’art, la culture et la création pour le porter à 1% du PIB par an."
FP_2024,FP_2024_218,LEG,2024,FP,Limiter strictement la concentration dans les industries culturelles et les médias dans les mains de quelques propriétaires et exclure des aides publiques les médias condamnés pour incitation à la haine ou atteinte à la dignité des personnes.
FP_2024,FP_2024_219,LEG,2024,FP,Défendre l’indépendance des rédactions face à leurs propriétaires.
FP_2024,FP_2024_220,LEG,2024,FP,"Garantir la pérennité d’un service public de l’audiovisuel en instaurant un financement durable, lisible, socialement juste et en garantissant son indépendance."
FP_2024,FP_2024_221,LEG,2024,FP,"Étendre la gratuité dans tous les musées nationaux, garantir une tarification abordable dans les institutions publiques et encadrer les tarifs abusifs des lieux privés."
FP_2024,FP_2024_222,LEG,2024,FP,Défendre et améliorer le régime des intermittents et aller vers la création d’un nouveau régime pour les artistes-auteurs.
FP_2024,FP_2024_223,LEG,2024,FP,Une République laïque.
FP_2024,FP_2024_224,LEG,2024,FP,"Engager un vaste plan de formation des fonctionnaires à la laïcité, aux principes juridiques de la loi de 1905, renforcer la pédagogie de la laïcité dans l’Éducation nationale pour accompagner les professeurs."
FP_2024,FP_2024_225,LEG,2024,FP,Augmenter les moyens de la Mission interministérielle de vigilance et de lutte contre les dérives sectaires (Miviludes) et élargir son domaine d’intervention au domaine de la formation professionnelle et de la santé publique.
FP_2024,FP_2024_226,LEG,2024,FP,"Refuser les financements publics pour la construction de nouveaux édifices religieux, dédiés aux activités cultuelles ou d’établissements confessionnels."
FP_2024,FP_2024_227,LEG,2024,FP,Pour un sport populaire.
FP_2024,FP_2024_228,LEG,2024,FP,Fixer la pratique de l’EPS à quatre heures hebdomadaires tout au long de la scolarité et créer une association sportive dans tous les établissements scolaires du premier degré.
FP_2024,FP_2024_229,LEG,2024,FP,"Porter un plan de 10 000 équipements sportifs supplémentaires, pensé pour favoriser la pratique du sport féminin et du parasport."
FP_2024,FP_2024_230,LEG,2024,FP,"Rénover les équipements sportifs existants, notamment dans les universités."
FP_2024,FP_2024_231,LEG,2024,FP,Porter les moyens du ministère des sports à 1% du budget de l’État.
FP_2024,FP_2024_232,LEG,2024,FP,Développer des maisons de Sport-Santé dans tout le pays et rembourser le sport sur ordonnance.
FP_2024,FP_2024_233,LEG,2024,FP,"Les Outre-mer, avant-postes de la planification écologique."
FP_2024,FP_2024_234,LEG,2024,FP,Réglementer les tarifs de desserte aérienne.
FP_2024,FP_2024_235,LEG,2024,FP,Mettre en place un taux maximal de sucre dans les aliments transformés.
FP_2024,FP_2024_236,LEG,2024,FP,Organiser un congrès général des territoires éloignés et insulaires pour établir un plan d’action partagé pour l’égalité et l’autonomie dans les Outre-mer sur la base des cahiers de revendications et des « plans pays » et la mise en place d’un plan quinquennal d’investissement.
FP_2024,FP_2024_237,LEG,2024,FP,"Organiser la distribution de bouteilles d’eau et plafonner le prix de l’eau partout où le service d’eau potable est défaillant via modification du plan ORSEC-eau, et mettre en place de grands travaux de rénovation des canalisations."
FP_2024,FP_2024_238,LEG,2024,FP,"Créer un fonds d’indemnisation et de prévention contre les pollutions pour indemniser et assurer la prise en charge médicale des victimes du chlordécone et des sargasses et investir dans la dépollution et la décontamination des sols et des eaux (chlordécone et glyphosate aux Antilles, mercure en Guyane, essais nucléaires en Polynésie…)."
FP_2024,FP_2024_239,LEG,2024,FP,Cesser de faire de Mayotte un territoire de seconde zone de la République.
FP_2024,FP_2024_240,LEG,2024,FP,"Étendre l’aide médicale d’État, aligner les niveaux du RSA et du SMIC sur le reste du pays et scolariser systématiquement tous les enfants."
FP_2024,FP_2024_241,LEG,2024,FP,Prendre systématiquement en compte les Outre-mers dans chaque texte législatif.
FP_2024,FP_2024_242,LEG,2024,FP,Lutter contre les situations de monopole dans les Outre-mer Proposer un principe de faveur des ultra-marins sur les postes à responsabilité et favoriser le retour des fonctionnaires d’État.
FP_2024,FP_2024_243,LEG,2024,FP,Favoriser l’enseignement des langues régionales en outre-mer.
FP_2024,FP_2024_244,LEG,2024,FP,Lancer un plan spécifique de rattrapage en matière de désenclavement routier et ferroviaire en Guyane.
FP_2024,FP_2024_245,LEG,2024,FP,Garantir un accueil digne.
FP_2024,FP_2024_246,LEG,2024,FP,Abroger les lois asile et immigration de Macron.
FP_2024,FP_2024_247,LEG,2024,FP,"Mettre en place une agence de sauvetage en mer et sur terre, dans l’attente de sa création au niveau européen et en appui de l’agence de l’Union européenne pour l’asile."
FP_2024,FP_2024_248,LEG,2024,FP,Assurer un accompagnement social et une autorisation de travailler pour les demandeurs d’asile.
FP_2024,FP_2024_249,LEG,2024,FP,"Faciliter l’accès aux visas, régulariser les travailleurs, étudiants, parents d’enfants scolarisés et instituer la carte de séjour de dix ans comme titre de séjour de référence."
FP_2024,FP_2024_250,LEG,2024,FP,Créer un statut de déplacé climatique.
FP_2024,FP_2024_251,LEG,2024,FP,Améliorer les conditions d’accueil des exilés à Mayotte et supprimer les conditions empêchant le déplacement entre Mayotte et le reste du territoire.
FP_2024,FP_2024_252,LEG,2024,FP,Créer des voies légales et sécurisées d’immigration.
FP_2024,FP_2024_253,LEG,2024,FP,Réviser le pacte asile immigration européen pour un accueil digne des migrants .
FP_2024,FP_2024_254,LEG,2024,FP,Mettre fin aux mesures dérogatoires sur l’étude de la demande d’asile.
FP_2024,FP_2024_255,LEG,2024,FP,Renforcer les politiques de co-développement aux services des populations.
FP_2024,FP_2024_256,LEG,2024,FP,Garantir l’accès à l’aide médicale d’État.
FP_2024,FP_2024_257,LEG,2024,FP,Garantir le droit du sol intégral pour les enfants nés en France et faciliter l’obtention de la nationalité française.
FP_2024,FP_2024_258,LEG,2024,FP,Défendre les libertés publiques.
FP_2024,FP_2024_259,LEG,2024,FP,Abroger le contrat d’engagement républicain liberticide pour les associations.
FP_2024,FP_2024_260,LEG,2024,FP,Organiser des États généraux sur les libertés publiques.
FP_2024,FP_2024_261,LEG,2024,FP,"Abroger les dispositions liberticides des lois sécurité globale, séparatisme, et les lois qui instaurent un état d’urgence permanent et portent atteinte à nos libertés individuelles et collectives, et réviser la loi et la doctrine sur l’ouverture du feu pour que cessent les morts pour refus d’obtempérer."
FP_2024,FP_2024_262,LEG,2024,FP,Interdire la reconnaissance faciale et évaluer de manière indépendante les dispositifs de vidéosurveillance en lien avec le défenseur des droits.
FP_2024,FP_2024_263,LEG,2024,FP,Protéger les lanceurs d’alerte.
FP_2024,FP_2024_264,LEG,2024,FP,Défendre et renforcer les libertés syndicales et associatives et en finir avec leur répression.
FP_2024,FP_2024_265,LEG,2024,FP,Europe.
FP_2024,FP_2024_266,LEG,2024,FP,Refuser le pacte de stabilité budgétaire.
FP_2024,FP_2024_267,LEG,2024,FP,Proposer un pacte européen pour le climat et l’urgence sociale.
FP_2024,FP_2024_268,LEG,2024,FP,Proposer une réforme de la Politique agricole commune (PAC).
FP_2024,FP_2024_269,LEG,2024,FP,Mettre fin aux traités de libre-échange.
FP_2024,FP_2024_270,LEG,2024,FP,Instaurer un protectionnisme écologique et social aux frontières de l’Europe.
FP_2024,FP_2024_271,LEG,2024,FP,Adopter un mécanisme d’harmonisation sociale par le haut entre les États pour mettre fin aux politiques de dumping social et fiscal.
FP_2024,FP_2024_272,LEG,2024,FP,"Réindustrialiser l’Europe : numérique, industrie du médicament, énergie, etc."
FP_2024,FP_2024_273,LEG,2024,FP,Instaurer une règle verte pour prioriser des investissements verts .
FP_2024,FP_2024_274,LEG,2024,FP,Taxer les plus riches au niveau européen pour augmenter les ressources propres du budget de l’Union européenne.
FP_2024,FP_2024_275,LEG,2024,FP,Généraliser de la taxation des superprofits au niveau européen.
FP_2024,FP_2024_276,LEG,2024,FP,Modifier le droit de la concurrence en Europe pour garantir le droit de monopole public au niveau national.
FP_2024,FP_2024_277,LEG,2024,FP,Passer au vote à la majorité qualifiée au conseil pour les questions fiscales.
FP_2024,FP_2024_278,LEG,2024,FP,"Conformément à ce que nos groupes ont voté à l’Assemblée nationale, nous refuserons, pour l’application de notre contrat de législature, le pacte budgétaire, le droit de la concurrence lorsqu’il remet en cause les services publics et nous rejetterons les traités de libre-échange."
RN_2024,RN_2024_1,LEG,2024,RN,ÉLECTIONS LÉGISLATIVES ANTICIPÉES DES 30 JUIN ET 7 JUILLET 2024.
RN_2024,RN_2024_2,LEG,2024,RN,Bardella Premier ministre.
RN_2024,RN_2024_3,LEG,2024,RN,"Un projet, une méthode."
RN_2024,RN_2024_4,LEG,2024,RN,L'union fait la France.
RN_2024,RN_2024_5,LEG,2024,RN,"Un projet, une méthode."
RN_2024,RN_2024_6,LEG,2024,RN,"Le peuple va s’exprimer les 30 juin et 7 juillet, et il appartiendra à tous de respecter son choix, d’accepter de consentir à sa volonté conformément à l’intangibilité du suffrage universel."
RN_2024,RN_2024_7,LEG,2024,RN,"Pour notre mouvement qui présente au pays un projet d’alternance politique, cette validation démocratique de notre projet sera l’aboutissement d’un long périple : après le moment des propositions puis de l’adhésion, viendra le temps de l’action."
RN_2024,RN_2024_8,LEG,2024,RN,"Le grand projet de redressement national auquel nous nous engageons devant les électeurs s’articulera en deux phases, conformément à un calendrier réglementaire, législatif et constitu tionnel parfaitement maîtrisé."
RN_2024,RN_2024_9,LEG,2024,RN,"La première phase viendra répondre à l’urgence sociale et sécuritaire : ces mesures interviendront dès l’élection d’une part avec la désignation d’un gouvernement et d’autre part dans le cadre d’une session extraordinaire ; ces textes seront adoptés par le parlement ou mis en œuvre par voie règlementaire jusqu’à l’automne, date de la discussion budgétaire."
RN_2024,RN_2024_10,LEG,2024,RN,"La seconde phase comprendra le débat budgétaire proprement dit qui intégrera notamment toute l’articulation fiscale puis, dans la foulée de ce vote annuel, une construction législative permettant de mettre en œuvre les réformes de fond."
RN_2024,RN_2024_11,LEG,2024,RN,Jusqu’à l’automne : le temps de l’urgence.
RN_2024,RN_2024_12,LEG,2024,RN,Les mesures d’urgence concerneront les trois domaines que les électeurs ont jugés prioritaires.
RN_2024,RN_2024_13,LEG,2024,RN,"Ils se déploieront principalement par le biais de trois textes législatifs, textes d’urgence sur la qualité de vie (pouvoir d’achat et santé), la sécurité et l’immigration."
RN_2024,RN_2024_14,LEG,2024,RN,A ces travaux s’ajouteront le lancement des chantiers indispensables pour créer la base des réformes nécessaires à notre pays : un audit des comptes de la Nation pour connaître la réalité précise des finances publiques et d’autre part plusieurs consultations avec les corps intermédiaires.
RN_2024,RN_2024_15,LEG,2024,RN,"Dès l’automne : le temps des réformes La phase de réforme commencera par le vote d’un premier budget : si évidemment, les priorités de ce budget prendront en compte les résultats de l’audit des comptes de la Nation, il contiendra de nombreuses mesures fiscales ou financières qui s’inscrivent dans le projet présenté aux Français lors des élections présidentielles et européennes."
RN_2024,RN_2024_16,LEG,2024,RN,"Le gouvernement, en étroite liaison avec la majorité parlementaire, s’attaquera aux grande réformes nécessaires au redressement de notre pays."
RN_2024,RN_2024_17,LEG,2024,RN,"Bien que jusqu’en 2027, cette législature se déroulera en cohabitation, nous utiliserons tous les leviers politiques et institutionnels que la Constitution donne au gouvernement et à sa majorité pour mettre un œuvre le projet voulu par le peuple français."
RN_2024,RN_2024_18,LEG,2024,RN,Transparence et concertation.
RN_2024,RN_2024_19,LEG,2024,RN,De très nombreux textes sont d’ores et déjà prêts.
RN_2024,RN_2024_20,LEG,2024,RN,"Les autres s’élaboreront au fil des concertations et d’un travail parlementaire libre pour lequel le pluralisme sera recherché, en dehors de tout esprit partisan, souvent réducteur et stérile."
RN_2024,RN_2024_21,LEG,2024,RN,Un projet pour chacun et pour tous.
RN_2024,RN_2024_22,LEG,2024,RN,"Ce projet vise à une remise en ordre dans nos rues et nos institutions, dans nos finances et notre environnement économique, dans nos écoles et nos vies."
RN_2024,RN_2024_23,LEG,2024,RN,"Il est pour des millions de Français de toutes origines, de toutes conditions, de toutes espérances, une formidable chance pour eux-mêmes et pour leurs enfants."
RN_2024,RN_2024_24,LEG,2024,RN,Un engagement avec le peuple.
RN_2024,RN_2024_25,LEG,2024,RN,"Le contrat que nous scellons avec le peuple français ne comporte aucune clause cachée, aucun non-dit, aucune surprise."
RN_2024,RN_2024_26,LEG,2024,RN,"Il est pour tous les Français une invitation à se joindre à un magnifique élan national que ce projet collectif formalise, celui de certitudes retrouvées, d’une ambition partagée, d’un avenir imaginé et décidé ensemble."
RN_2024,RN_2024_27,LEG,2024,RN,"Cette entreprise exaltante au service de l’unité et de la concorde civile affermira une société harmonieuse, respectueuse de tous."
RN_2024,RN_2024_28,LEG,2024,RN,Elle prend corps autour d’un projet qui offrira à chacun toutes les opportunités d’épanouissement et aux plus entreprenants la promesse de nouvelles conquêtes.
RN_2024,RN_2024_29,LEG,2024,RN,"Ce sera un projet qui émancipe les consciences et déverrouille les blocages, un projet qui libère les énergies créatrices du pays, pour tendre au bonheur individuel et à la prospérité collective."
RN_2024,RN_2024_30,LEG,2024,RN,"Il est fondé sur la liberté de chacun, le respect de tous."
RN_2024,RN_2024_31,LEG,2024,RN,Il s’appuie sur une confiance dans chacun des Français et au-delà une foi inébranlable dans le peuple de France.
RN_2024,RN_2024_32,LEG,2024,RN,Il témoigne de notre certitude de voir une majorité de nos compatriotes adhérer à un idéal collectif pour consolider chaque jour davantage cette réalité fraternelle et solidaire qui s’appelle la Nation française.
RN_2024,RN_2024_33,LEG,2024,RN,Chacun le comprendra.
RN_2024,RN_2024_34,LEG,2024,RN,"Notre projet tire sa force et sa crédibilité d’une cohérence intellectuelle et politique, de la raison et de l’ambition, de la fidélité au passé et d’une foi sans faille dans le futur."
RN_2024,RN_2024_35,LEG,2024,RN,"Il est surtout porté par le sentiment qui, depuis l’origine, guide nos sentiments et nos pas, ce sentiment qui n’est rien d’autre que l’amour de la France et des Français."
RN_2024,RN_2024_36,LEG,2024,RN,TEMPS DE L’URGENCE.
RN_2024,RN_2024_37,LEG,2024,RN,"De juillet 2024 à l’automne 2024 Dès ma nomination comme Premier ministre, j’apporterai des réponses concrètes aux préoccupations de nos concitoyens en matière de qualité de vie, de sécurité et d’immigration."
RN_2024,RN_2024_38,LEG,2024,RN,Jordan BARDELLA.
RN_2024,RN_2024_39,LEG,2024,RN,Pouvoir d'achat et Santé.
RN_2024,RN_2024_40,LEG,2024,RN,Baisse de la TVA sur l’ensemble des produits énergétiques.
RN_2024,RN_2024_41,LEG,2024,RN,Allègement des dispositifs de cumul emploi-retraite pour les médecins et les infirmiers.
RN_2024,RN_2024_42,LEG,2024,RN,Suppression de l’impôt sur les revenus d’activité des médecins et des infirmiers retraités reprenant du service.
RN_2024,RN_2024_43,LEG,2024,RN,Contrôle de l’effectivité de la baisse de la TVA sur les produits énergétiques.
RN_2024,RN_2024_44,LEG,2024,RN,Sortie des règles européennes de fixation des prix de l’électricité .
RN_2024,RN_2024_45,LEG,2024,RN,Annulation de la réforme de l’assurance chômage de juillet .
RN_2024,RN_2024_46,LEG,2024,RN,Sécurité.
RN_2024,RN_2024_47,LEG,2024,RN,"Mise en place des peines planchers pour les récidivistes, les atteintes aux personnes dépositaires d’une mission de services publics et le trafic de drogue."
RN_2024,RN_2024_48,LEG,2024,RN,Projet de loi portant mesures d’urgence sur la politique pénale.
RN_2024,RN_2024_49,LEG,2024,RN,Suspension des allocations familiales pour les parents de mineurs 2024 criminels ou délinquants récidivistes coupables de défaillance.
RN_2024,RN_2024_50,LEG,2024,RN,"Soutien aux fonctionnaires attaqués ou menacés (professeurs, soignants, policiers, etc.) par le renforcement de la protection fonctionnelle."
RN_2024,RN_2024_51,LEG,2024,RN,Immigration.
RN_2024,RN_2024_52,LEG,2024,RN,Suppression de toutes les dérogations qui empêchent les expulsions d’étrangers.
RN_2024,RN_2024_53,LEG,2024,RN,Projet de loi portant mesures d’urgence sur l’immigration.
RN_2024,RN_2024_54,LEG,2024,RN,Retour du délit de séjour irrégulier.
RN_2024,RN_2024_55,LEG,2024,RN,Suppression du droit du sol.
RN_2024,RN_2024_56,LEG,2024,RN,Remplacement de l’Aide Médicale d’Etat par une Aide d’Urgence Vitale.
RN_2024,RN_2024_57,LEG,2024,RN,"Restriction du regroupement familial par le durcissement des conditions (emploi stable, ressources précisément définies, etc.)."
RN_2024,RN_2024_58,LEG,2024,RN,Suspension de toutes les régularisations de clandestins par les préfets.
RN_2024,RN_2024_59,LEG,2024,RN,TRANSPARENCE BUDGÉTAIRE ET SIMPLIFICATION Lancement d’une commission d’évaluation des comptes publics Juillet 2024.
RN_2024,RN_2024_60,LEG,2024,RN,Lancement des états généraux de la simplification Juillet 2024.
RN_2024,RN_2024_61,LEG,2024,RN,Organisation d’une conférence sociale sur les salaires et les conditions de travail Juillet 2024.
RN_2024,RN_2024_62,LEG,2024,RN,Le temps des réformes.
RN_2024,RN_2024_63,LEG,2024,RN,"Dans la continuité du programme présidentiel de 2022 de Marine Le Pen, le temps des réformes visera à répondre à trois enjeux fondamentaux de notre pays."
RN_2024,RN_2024_64,LEG,2024,RN,LE DEVOIR DE PROTECTION.
RN_2024,RN_2024_65,LEG,2024,RN,LE BESOIN DE PROJECTION.
RN_2024,RN_2024_66,LEG,2024,RN,LE SOUCI DE TRANSMISSION.
RN_2024,RN_2024_67,LEG,2024,RN,Ces politiques seront lancées dès l’automne 2024 et découleront en partie des conclusions.
RN_2024,RN_2024_68,LEG,2024,RN,DE LA COMMISSION D’ÉVALUATION DES COMPTES PUBLICS.
RN_2024,RN_2024_69,LEG,2024,RN,DES ÉTATS GÉNÉRAUX DE LA SIMPLIFICATION.
RN_2024,RN_2024_70,LEG,2024,RN,DE LA CONFÉRENCE SOCIALE SUR LES SALAIRES ET LES CONDITIONS DE TRAVAIL.
RN_2024,RN_2024_71,LEG,2024,RN,Le devoir de protection.
RN_2024,RN_2024_72,LEG,2024,RN,1 Assurer la défense du territoire national dans un environnement international degradé.
RN_2024,RN_2024_73,LEG,2024,RN,"Notre pays est aujourd’hui confronté à un retour des politiques de puissance dont la guerre en Ukraine, menace pour notre sécurité collective, est une des illustrations."
RN_2024,RN_2024_74,LEG,2024,RN,"Nous avons donc le devoir, pour garantir la défense de nos intérêts à l’échelle globale, d’améliorer considérablement notre outil de défense."
RN_2024,RN_2024_75,LEG,2024,RN,Préserver la souveraineté pleine et entière sur notre dissuasion nucléaire et garantir notre modèle d’armée complet.
RN_2024,RN_2024_76,LEG,2024,RN,"Refuser tout transfert de compétences vers l’Union européenne dans les domaines de la défense et de la diplomatie, favoriser une préférence européenne dans les achats militaires effectués par les États européens."
RN_2024,RN_2024_77,LEG,2024,RN,Sanctuariser la trajectoire budgétaire de la Loi de Programmation Militaire.
RN_2024,RN_2024_78,LEG,2024,RN,2 Préserver le peuple français de la submersion migratoire.
RN_2024,RN_2024_79,LEG,2024,RN,L’absence de maîtrise de l’immigration depuis des décennies a conduit à ce que l’assimilation des étrangers présents sur le sol national devienne impossible.
RN_2024,RN_2024_80,LEG,2024,RN,Elle a conduit au communautarisme et au séparatisme.
RN_2024,RN_2024_81,LEG,2024,RN,"En attendant la réforme constitutionnelle qui sera soumise aux Français le plus tôt possible par la voie référendaire, nous mettrons en place un certain nombre de mesures pour restreindre et contrôler l’immigration illégale mais aussi légale."
RN_2024,RN_2024_82,LEG,2024,RN,Ouvrir des négociations avec nos partenaires européens pour réserver la libre-circulation Schengen aux seuls ressortissants européens.
RN_2024,RN_2024_83,LEG,2024,RN,Renforcer les sanctions pour les employeurs de travailleurs clandestins.
RN_2024,RN_2024_84,LEG,2024,RN,Instaurer l’obligation de dépôt des demandes d’asile dans les ambassades et consulats.
RN_2024,RN_2024_85,LEG,2024,RN,Mettre en place la priorité nationale (si nécessaire par référendum constitutionnel).
RN_2024,RN_2024_86,LEG,2024,RN,Réserver les aides sociales aux Français et conditionner à 5 années de travail en France l’accès aux prestations sociales non-contributives comme le RSA (si nécessaire par référendum constitutionnel).
RN_2024,RN_2024_87,LEG,2024,RN,3 Rétablir la sécurité et retrouver une justice au service du bien commun.
RN_2024,RN_2024_88,LEG,2024,RN,Les Français subissent une dégradation continue de leur sécurité.
RN_2024,RN_2024_89,LEG,2024,RN,Les agressions physiques se multiplient.
RN_2024,RN_2024_90,LEG,2024,RN,L’ultraviolence gratuite devient un phénomène banal.
RN_2024,RN_2024_91,LEG,2024,RN,Des pans entiers du territoire échappent à l’autorité de l’État.
RN_2024,RN_2024_92,LEG,2024,RN,De véritables trafics mafieux de drogues et d’armes se sont désormais installés en France.
RN_2024,RN_2024_93,LEG,2024,RN,"Dans le même temps, les Français constatent que la réponse des autorités n’est ni dissuasive ni protectrice de la population."
RN_2024,RN_2024_94,LEG,2024,RN,Le laxisme doit laisser la place à la fermeté et ainsi donner tout son sens à la Déclaration des droits de l’homme et du citoyen de 1789 qui fait du droit à la sûreté un droit naturel et imprescriptible.
RN_2024,RN_2024_95,LEG,2024,RN,Lancer un plan d’identification de lieux pouvant être reconvertis en lieux de détention de « basse sécurité » (pour les mineurs ou les peines courtes).
RN_2024,RN_2024_96,LEG,2024,RN,Lancer enfin la construction effective des places de prison dont la France a besoin.
RN_2024,RN_2024_97,LEG,2024,RN,"Mettre en place, en plus des peines planchers, la limitation de la possibilité des aménagements et réductions de peine, en particulier pour les atteintes aux personnes (renforcer la sacralisation de l’intégrité physique des personnes)."
RN_2024,RN_2024_98,LEG,2024,RN,"Réformer une partie de la justice des mineurs (abaissement de la majorité pénale à 16 ans, possibilité de comparution immédiate…)."
RN_2024,RN_2024_99,LEG,2024,RN,Rendre obligatoire la création d’une police municipale pour les communes de plus de 10 000 habitants.
RN_2024,RN_2024_100,LEG,2024,RN,"Elargir le tour extérieur d’accès à la magistrature à des professionnels du droit (universitaires, avocats, anciens policiers, etc)."
RN_2024,RN_2024_101,LEG,2024,RN,Instituer une présomption de légitime défense pour les forces de l’ordre.
RN_2024,RN_2024_102,LEG,2024,RN,Durcir la lutte contre le trafic et la consommation de drogue.
RN_2024,RN_2024_103,LEG,2024,RN,Inscrire les harceleurs de rue au fichier des délinquants sexuels.
RN_2024,RN_2024_104,LEG,2024,RN,4 Mettre fin au vol de la France et des Français en luttant contre les fraudes.
RN_2024,RN_2024_105,LEG,2024,RN,"Selon la Cour des comptes, les fraudes seraient de l’ordre de 15 milliards d’euros par an pour la seule TVA, de 10 à 20, voire 25 milliards d’euros pour la fraude aux prestations sociales, alors même que les organismes sociaux n’ont détecté, en 2019, qu’un milliard d’euros de fraude, sans parler des ententes qui pénalisent le pouvoir d’achat des Français."
RN_2024,RN_2024_106,LEG,2024,RN,La lutte contre la fraude sera un axe important avec la création d’un ministère chargé uniquement de cette question.
RN_2024,RN_2024_107,LEG,2024,RN,La lutte contre tous les types de fraudes est une exigence républicaine.
RN_2024,RN_2024_108,LEG,2024,RN,Permettre aux organismes sociaux d’accéder aux fichiers utiles pour lutter contre la fraude.
RN_2024,RN_2024_109,LEG,2024,RN,"Contrôler que les personnes qui perçoivent des prestations sont toujours vivantes, en particulier lorsqu’elles vivent à l’étranger."
RN_2024,RN_2024_110,LEG,2024,RN,Mettre en place la carte vitale biométrique.
RN_2024,RN_2024_111,LEG,2024,RN,Renforcer les contrôles des importations pour mettre fin à la vente de produits étrangers ne respectant pas les normes françaises.
RN_2024,RN_2024_112,LEG,2024,RN,Rendre les distributeurs responsables juridiquement en cas de vente de produits non conformes aux réglementations nationales.
RN_2024,RN_2024_113,LEG,2024,RN,5 Relever notre système de santé.
RN_2024,RN_2024_114,LEG,2024,RN,"Alors que la France figure dans les cinq pays où l’environnement est le moins dégradé, les ménages et les entreprises subissent chaque jour une écologie punitive à travers des normes qui pénalisent à la fois le pouvoir d’achat et la croissance."
RN_2024,RN_2024_115,LEG,2024,RN,"Nous développerons une écologie de bon sens, basée sur les réalités scientifiques, protectrice du niveau de vie des Français et garante de notre indépendance nationale."
RN_2024,RN_2024_116,LEG,2024,RN,La crise sanitaire a révélé les insuffisances de notre système de soins et la vulnérabilité des patients souffrant de maladies chroniques et de comorbidités.
RN_2024,RN_2024_117,LEG,2024,RN,"L’axe majeur de la politique de santé, outre la lutte contre les déserts médicaux dont quelques mesures ont été lancées dans le temps des urgences, sera de redonner confiance à l’hôpital public en lui fournissant les moyens pour être efficace et en réformant sa gouvernance."
RN_2024,RN_2024_118,LEG,2024,RN,Réduire le poids des services administratifs dans les hôpitaux et transférer une partie des emplois vers les services opérationnels (plafond de 10 % de postes administratifs).
RN_2024,RN_2024_119,LEG,2024,RN,Supprimer les Agences Régionales de Santé.
RN_2024,RN_2024_120,LEG,2024,RN,Augmenter le nombre d’étudiants en médecine (fin du numerus apertus).
RN_2024,RN_2024_121,LEG,2024,RN,"Lancer un plan d’autonomie stratégique pour les médicaments et mettre en place, à l’horizon 2026, la vente de médicaments à l’unité pour lutter contre les pénuries et le gaspillage Renforcer le soutien aux proches-aidants."
RN_2024,RN_2024_122,LEG,2024,RN,"Donner plus de place à la prévention, notamment grâce aux visites médicales scolaires qui redeviendront systématiques."
RN_2024,RN_2024_123,LEG,2024,RN,Reconnaître l’endométriose comme affection longue durée.
RN_2024,RN_2024_124,LEG,2024,RN,6 Défendre la qualité de vie des Français en refusant toute écologie punitive Renoncer à l’interdiction de la vente des voitures à moteur thermique à l’horizon 2035 et inciter les constructeurs français à développer des véhicules propres abordables.
RN_2024,RN_2024_125,LEG,2024,RN,Supprimer les Zones à Faibles Emissions.
RN_2024,RN_2024_126,LEG,2024,RN,"Abroger toutes les interdictions et obligations liées aux DPE (travaux, mise en location...) et mettre en place un accompagnement pragmatique des rénovations de logements en lien avec les professionnels."
RN_2024,RN_2024_127,LEG,2024,RN,"Réduire l’empreinte carbone de la France en soutenant les relocalisations industrielles et en favorisant les acteurs locaux dans la commande publique (circuits courts, priorité nationale, préférence européenne...)."
RN_2024,RN_2024_128,LEG,2024,RN,Instaurer une priorité d’accès au logement social pour les travailleurs des secteurs prioritaires.
RN_2024,RN_2024_129,LEG,2024,RN,"Engager un plan de rénovation du réseau de distribution de l’eau, à la fois pour réduire les pertes en ligne et améliorer la qualité."
RN_2024,RN_2024_130,LEG,2024,RN,LE BESOIN DE PROJECTION.
RN_2024,RN_2024_131,LEG,2024,RN,1 Réaligner les intérêts économiques et les ambitions nationales.
RN_2024,RN_2024_132,LEG,2024,RN,"Les choix économiques des gouvernements précédents reposent sur une conception naïve des flux mondiaux et de la concurrence internationale, qui affaiblit la France sur la scène européenne, entrainant la création de mini-jobs, le gaspillage de l’argent public et la dégradation profonde du tissu économique national."
RN_2024,RN_2024_133,LEG,2024,RN,"Nous devons désormais rebâtir une politique, fondée sur la libération des forces économiques, la protection des entreprises et des travailleurs, et la remise en ordre de l’État et de sa place dans l’économie."
RN_2024,RN_2024_134,LEG,2024,RN,"Revaloriser les revenus du travail par une incitation forte à l’augmentation des salaires (permettre aux entreprises d’augmenter les salaires de 10 % jusqu’à trois fois le SMIC, en les exonérant de l’augmentation des cotisations patronales pendant trois à cinq ans)."
RN_2024,RN_2024_135,LEG,2024,RN,"Poursuivre la baisse des impôts de production (CVAE) pour stimuler les implantations industrielles en France  Simplifier l’environnement réglementaire, conformément aux états généraux de la simplification lancés lors du temps des urgences."
RN_2024,RN_2024_136,LEG,2024,RN,"Abroger la réforme des retraites de Macron et mettre en place un système de retraites progressif, qui incite les jeunes à entrer de manière.  précoce sur le marché du travail et prend en compte la pénibilité réelle des emplois faiblement qualifiés."
RN_2024,RN_2024_137,LEG,2024,RN,Protéger le pouvoir d’achat en cas de forte inflation par la suspension de la TVA sur une centaine de produits de première nécessité.
RN_2024,RN_2024_138,LEG,2024,RN,"Négocier une réforme du mandat de la BCE pour la tourner vers l’emploi, la productivité et le financement de projets stratégiques de long terme."
RN_2024,RN_2024_139,LEG,2024,RN,2 Refaire de la France un paradis énergétique respectant la trajectoire de l’accord de Paris.
RN_2024,RN_2024_140,LEG,2024,RN,Les coûts attractifs et la fiabilité qu’offrait notre système électrique appartiennent au passé et le gouvernement fait payer aux Français ses égarements sur la question du nucléaire et sur les règles européennes désastreuses du marché de l’énergie.
RN_2024,RN_2024_141,LEG,2024,RN,"La réindustrialisation et l’essor des technologies de demain comme l’intelligence artificielle exigent le retour d’une énergie compétitive, décarbonée et abondante, qui a longtemps donné à la France un avantage concurrentiel."
RN_2024,RN_2024_142,LEG,2024,RN,Sortir des règles européennes de fixation des prix de l’énergie qui affaiblissent notre compétitivité.
RN_2024,RN_2024_143,LEG,2024,RN,"Lancer le plan Marie Curie de relance du nucléaire (EPR, SMR, réacteurs à neutrons rapides)."
RN_2024,RN_2024_144,LEG,2024,RN,Protéger les barrages hydroélectriques de la mise en concurrence voulue par Bruxelles.
RN_2024,RN_2024_145,LEG,2024,RN,Investir dans les barrages hydroélectriques pour augmenter leur capacité de production.
RN_2024,RN_2024_146,LEG,2024,RN,Sortir définitivement du charbon en convertissant les centrales en biomasse et développer les technologies vertes comme l’hydrogène et la géothermie.
RN_2024,RN_2024_147,LEG,2024,RN,3 Remettre le peuple au cœur de la décision politique.
RN_2024,RN_2024_148,LEG,2024,RN,"Depuis trop longtemps, et singulièrement depuis le référendum de 2005, une grande partie du peuple a le sentiment que les décisions politiques se font sans son assentiment."
RN_2024,RN_2024_149,LEG,2024,RN,"Or, nous ne pourrons redresser notre pays sans un engagement de tous les Français."
RN_2024,RN_2024_150,LEG,2024,RN,"Il est indispensable de redonner au peuple le pouvoir, au-delà des élections tous les cinq ans, d’exprimer directement les orientations politiques qu’il souhaite mettre en œuvre."
RN_2024,RN_2024_151,LEG,2024,RN,Instaurer dans la Constitution un RIC législatif.
RN_2024,RN_2024_152,LEG,2024,RN,"Réserver au peuple seul, par référendum, le pouvoir de modifier la Constitution."
RN_2024,RN_2024_153,LEG,2024,RN,4 Soutenir les familles françaises.
RN_2024,RN_2024_154,LEG,2024,RN,"Ce sont dans les familles, premier maillon de la communauté nationale, que se trouvent les racines de notre modèle social et civilisationnel."
RN_2024,RN_2024_155,LEG,2024,RN,"À l’heure où le Haut-commissaire au plan explique que, pour préserver notre modèle, notre seul choix serait l’immigration, nous favorisons à l’inverse la natalité, qui seule permettra la continuité de la Nation et de notre civilisation."
RN_2024,RN_2024_156,LEG,2024,RN,Instituer une part fiscale complète dès le deuxième enfant.
RN_2024,RN_2024_157,LEG,2024,RN,Créer un prêt public à taux zéro transformé en subvention pour les couples qui ont un 3ème enfant.
RN_2024,RN_2024_158,LEG,2024,RN,Rétablir la demi-part fiscale des veuf et veuves.
RN_2024,RN_2024_159,LEG,2024,RN,5 Refaire de l’agriculture un instrument du rayonnement et de l’excellence de la France.
RN_2024,RN_2024_160,LEG,2024,RN,L’agriculture a toujours occupé une place particulière dans le cœur des Français.
RN_2024,RN_2024_161,LEG,2024,RN,"Garants de notre souveraineté alimentaire, dépositaires de nos savoir-faire, gardiens de nos paysages, les agriculteurs ont un rôle indispensable pour l’indépendance de la France et le quotidien des Français."
RN_2024,RN_2024_162,LEG,2024,RN,Renforcer les contrôles des importations pour mettre fin à la vente de produits étrangers ne respectant pas les normes françaises.
RN_2024,RN_2024_163,LEG,2024,RN,Garantir des prix rémunérateurs pour les agriculteurs.
RN_2024,RN_2024_164,LEG,2024,RN,Généraliser l’étiquetage sur l’origine et la qualité des produits alimentaires.
RN_2024,RN_2024_165,LEG,2024,RN,Lancer un grand plan « Manger français » obligeant les cantines à utiliser 80 % de produits agricoles français à l’horizon 2027.
RN_2024,RN_2024_166,LEG,2024,RN,L’IMPÉRATIF DE TRANSMISSION.
RN_2024,RN_2024_167,LEG,2024,RN,1 Mettre l’État au service de la prospérité nationale.
RN_2024,RN_2024_168,LEG,2024,RN,La majorité des Français sont attachés au souci de transmettre à leurs enfants un pays dans un meilleur état que celui dont ils ont hérité.
RN_2024,RN_2024_169,LEG,2024,RN,"Face à la crise des finances publiques sans précédent créée par Emmanuel Macron et Gabriel Attal et qui menace notre avenir, nous remettrons l’État à sa juste place et rationaliserons ainsi la dépense publique."
RN_2024,RN_2024_170,LEG,2024,RN,"Lancer dès le Projet de loi de finances pour 2025, un plan de rationalisation des agences publiques de l’Etat (suppression notamment des ARS, réduction des dépenses de fonctionnement)."
RN_2024,RN_2024_171,LEG,2024,RN,Privatiser l’audiovisuel public.
RN_2024,RN_2024_172,LEG,2024,RN,Réduire la dépense sociale par la mise en place de la priorité nationale.
RN_2024,RN_2024_173,LEG,2024,RN,Simplifier drastiquement le millefeuille territorial pour réduire la dépense et rendre du pouvoir aux élus de proximité.
RN_2024,RN_2024_174,LEG,2024,RN,"Depuis des décennies, les gouvernements successifs ont déconstruit l’école, entrainant un effondrement de son niveau qui prive notre jeunesse d’avenir et pénalise les acteurs économiques."
RN_2024,RN_2024_175,LEG,2024,RN,"Le dévouement des enseignants, victimes d’une bureaucratie envahissante et bien souvent lâche face aux agressions dont ils sont victimes, ne suffit pas à garantir la transmission des valeurs et des connaissances, désormais partiellement et inégalement assurée."
RN_2024,RN_2024_176,LEG,2024,RN,2 Restaurer l’excellence de l’école française et de la formation.
RN_2024,RN_2024_177,LEG,2024,RN,"Recentrer les enseignements sur les savoirs fondamentaux (sciences, français, histoire)."
RN_2024,RN_2024_178,LEG,2024,RN,Revaloriser le métier d’enseignant du recrutement à la fin de la carrière.
RN_2024,RN_2024_179,LEG,2024,RN,Réduire la bureaucratie pour redonner libertés et moyens aux professeurs.
RN_2024,RN_2024_180,LEG,2024,RN,Soutenir financièrement les jeunes et les entreprises faisant le choix de l’apprentissage ou de l’alternance.
RN_2024,RN_2024_181,LEG,2024,RN,Adapter l’offre de formation initiale et continue aux besoins réels des branches professionnelles.
RN_2024,RN_2024_182,LEG,2024,RN,3 Enraciner l’économie et développer l’esprit entrepreneurial en France.
RN_2024,RN_2024_183,LEG,2024,RN,"Nous défendons des citoyens, des familles et des entreprises enracinés dans leur territoire et soutenus par la puissance publique pour créer de la richesse."
RN_2024,RN_2024_184,LEG,2024,RN,"Nous referons de la France un creuset de création de valeur afin de renforcer l’État, les entreprises et les Français face aux crises mondiales (approvisionnement en matières premières critiques ou en énergie, capacité souveraine de production des biens essentiels, etc.)."
RN_2024,RN_2024_185,LEG,2024,RN,Nous lutterons également contre « la fuite des cerveaux » qui touche aujourd’hui massivement notre pays.
RN_2024,RN_2024_186,LEG,2024,RN,"Créer un Fonds souverain français pour augmenter la rémunération de l’épargne nationale et l’orienter vers les secteurs stratégiques, l’industrie et l’innovation."
RN_2024,RN_2024_187,LEG,2024,RN,Supprimer la fiscalité sur les transmissions de TPE/PME/ETI en contrepartie d’un engagement à en rester propriétaire pendant au moins 10 ans.
RN_2024,RN_2024_188,LEG,2024,RN,Exonérer d’impôts sur les sociétés pendant 5 ans les entreprises créées par un jeune de moins de 30 ans.
RN_2024,RN_2024_189,LEG,2024,RN,"Supprimer l’impôt sur le revenu des jeunes de moins de 30 ans afin de favoriser leur installation durable en France, professionnelle et familiale."
RN_2024,RN_2024_190,LEG,2024,RN,4 Enraciner les familles françaises.
RN_2024,RN_2024_191,LEG,2024,RN,Le lien entre les générations s’incarne également dans la transmission du patrimoine des parents aux enfants et des grands-parents à leurs petits-enfants.
RN_2024,RN_2024_192,LEG,2024,RN,Supprimer les impôts sur l’héritage direct pour les familles modestes et les classes moyennes.
RN_2024,RN_2024_193,LEG,2024,RN,Exonérer les donations des parents et des grands-parents à leurs enfants et petits-enfants jusqu’à 100 000 € par descendant tous les 10 ans.
RN_2024,RN_2024_194,LEG,2024,RN,"Remplacer l’impôt sur la fortune immobilière (IFI) qui entrave la conservation et la transmission des patrimoines et épargne de tout effort contributif les fortunes exclusivement mobilières, par un impôt sur la fortune financière (IFF)."
RN_2024,RN_2024_195,LEG,2024,RN,L’immense majorité des Français refuse de se résigner à voir la France poursuivre le chemin du renoncement et du déclin.
RN_2024,RN_2024_196,LEG,2024,RN,C’est à un grand effort de redressement et de rassemblement que nous appelons nos compatriotes dans tous les domaines de la vie nationale.
RN_2024,RN_2024_197,LEG,2024,RN,L’union nationale que nous proposons est la condition de la paix civile à laquelle nous sommes profondément attachés.
RN_2024,RN_2024_198,LEG,2024,RN,5 Préserver la civilisation française.
RN_2024,RN_2024_199,LEG,2024,RN,"Mettre en place une législation spécifique visant les idéologies islamistes, véritable menace totalitaire des temps modernes."
RN_2024,RN_2024_200,LEG,2024,RN,Redonner à la Francophonie une place de choix dans notre politique étrangère.
RN_2024,RN_2024_201,LEG,2024,RN,"Expérimenter la création d’un Service national volontaire du patrimoine, afin d’œuvrer à la restauration, à la protection et à la valorisation de notre patrimoine bâti et naturel."
